product_id,fraud_label,listed_price,original_price,seller_rating,rating_count,item_rating,item_rating_count,review1_rating,review2_rating,price_deviation,price_ratio,abnormal_discount,review_rating_diff,seller_item_rating_gap,listed_price_scaled,original_price_scaled,price_deviation_scaled,price_ratio_scaled,seller_rating_scaled,rating_count_scaled,item_rating_scaled,item_rating_count_scaled,review1_rating_scaled,review2_rating_scaled,review_rating_diff_scaled,seller_item_rating_gap_scaled
40000,1,59.52,59.71,4.9,7,4.7,2,2.0,2.0,0.318205,0.996818,0,0.0,0.2,0.022680577849117176,0.02205436489292068,0.9498022060607693,0.050197796549569865,0.005895256375102825,1.0455119054285253e-08,0.925,2.97987097158693e-06,0.25,0.25,0.0,0.0002755200440832071
40001,1,60.88,65.83,4.7,5,4.9,1,2.0,2.0,7.519368,0.924806,0,0.0,0.2,0.023226324237560193,0.0245119889487232,0.9535617015434485,0.04643828175038119,0.00562105840416781,7.467942181632323e-09,0.9750000000000001,0.0,0.25,0.25,0.0,0.0002755200440832071
40002,1,8.76,119.91,2.6,10,3.9,8,5.0,2.0,92.694521,0.073055,1,3.0,1.3,0.002311396468699839,0.04622903289280823,0.9980289081516055,0.0019711028118187747,0.002741979709350151,1.4935884363264646e-08,0.725,2.0859096801108512e-05,1.0,0.25,0.75,0.0017908802865408459
40003,1,63.47,90.79,4.5,2,4.8,5,5.0,2.0,30.09142,0.699086,0,3.0,0.3,0.024265650080256822,0.03453523999983937,0.9653458435672857,0.03465416687407073,0.005346860433232794,2.9871768726529295e-09,0.95,1.191948388634772e-05,1.0,0.25,0.75,0.00041328006612481057
40004,1,46.76,49.38,4.7,5,4.6,2,5.0,4.0,5.305792,0.946942,0,1.0,0.1,0.01756019261637239,0.01790612036735858,0.9524060647424808,0.04759393108097665,0.00562105840416781,7.467942181632323e-09,0.8999999999999999,2.97987097158693e-06,1.0,0.75,0.25,0.00013776002204160355
40005,1,15.86,86.96,2.5,15,4.4,1,3.0,2.0,81.76173,0.182383,1,1.0,1.9,0.005160513643659711,0.0329972171021721,0.9923212497667617,0.007678765895272921,0.002604880723882643,2.240382654489697e-08,0.8500000000000001,0.0,0.5,0.25,0.25,0.002617440418790467
40006,1,4.77,75.88,2.4,31,3.9,16,5.0,2.0,93.713759,0.062862,1,3.0,1.5,0.0007102728731942213,0.02854779315800675,0.9985610195142806,0.0014389590809387798,0.0024677817384151355,4.6301241526120406e-08,0.725,4.469806457380396e-05,1.0,0.25,0.75,0.002066400330624053
40007,1,11.57,154.02,1.2,36,3.6,21,5.0,2.0,92.487989,0.07512,1,3.0,2.4,0.00343900481540931,0.05992667285088407,0.9979210844402093,0.0020789098170446354,0.0008225939128050452,5.376918370775273e-08,0.65,5.959741943173861e-05,1.0,0.25,0.75,0.0033062405289984846
40008,1,115.5,40.52,1.5,200,2.8,117,5.0,1.0,-185.044423,2.850444,0,4.0,1.3,0.04514446227929374,0.014348187502258847,0.8530303425959986,0.14696964539644145,0.001233890869207568,2.9871768726529293e-07,0.44999999999999996,0.0003456650327040839,1.0,0.0,1.0,0.0017908802865408459
40009,1,14.58,97.58,3.1,11,3.6,17,5.0,5.0,85.058414,0.149416,1,0.0,0.5,0.004646869983948636,0.03726191766959413,0.9940423424021905,0.005957664906759156,0.0034274746366876885,1.642947279959111e-08,0.65,4.767793554539088e-05,1.0,1.0,0.0,0.0006888001102080177
40010,1,70.68,25.18,3.9,57,3.3,45,5.0,1.0,-180.698967,2.80699,0,4.0,0.6,0.027158908507223117,0.008188064460427032,0.8552989653451548,0.1447010518830833,0.0045242665204277485,8.513454087060848e-08,0.575,0.00013111432274982493,1.0,0.0,1.0,0.0008265601322496211
40011,1,22.29,26.18,4.5,4,4.7,2,2.0,1.0,14.858671,0.851413,0,1.0,0.2,0.007740770465489566,0.008589637018564699,0.9573933154750474,0.04260666938498577,0.005346860433232794,5.974353745305859e-09,0.925,2.97987097158693e-06,0.25,0.0,0.25,0.0002755200440832071
40012,1,19.78,101.59,1.0,50,3.7,9,2.0,1.0,80.52958,0.194704,1,1.0,2.7,0.00673354735152488,0.038872223627726174,0.9916779838999866,0.008322005658656852,0.0005483959418700302,7.467942181632323e-08,0.675,2.383896777269544e-05,0.25,0.0,0.25,0.0037195205951232957
40013,1,51.05,21.17,3.9,15,3.8,31,5.0,4.0,-141.143127,2.411431,0,1.0,0.1,0.019281701444622792,0.006577758502294988,0.875949796578052,0.12405018932611676,0.0045242665204277485,2.240382654489697e-08,0.7,8.939612914760791e-05,1.0,0.75,0.25,0.00013776002204160355
40014,1,6.99,107.07,2.5,211,4.4,189,5.0,1.0,93.471561,0.065284,1,4.0,1.9,0.001601123595505618,0.04107284124632059,0.9984345757319479,0.0015654039074070763,0.002604880723882643,3.1514716006488403e-07,0.8500000000000001,0.0005602157426583429,1.0,0.0,1.0,0.002617440418790467
40015,1,36.39,41.28,1.1,415,4.3,43,5.0,1.0,11.84593,0.881541,0,4.0,3.2,0.013398876404494383,0.014653382646443473,0.9558204603431774,0.044179555318857304,0.0006854949273375378,6.198392010754828e-07,0.825,0.00012515458080665108,1.0,0.0,1.0,0.004408320705331314
40016,1,34.49,242.35,2.8,48,4.6,7,3.0,2.0,85.768517,0.142315,1,1.0,1.8,0.012636436597110756,0.0953975769111842,0.9944130643287371,0.005586944546415897,0.0030161776802851655,7.16922449436703e-08,0.8999999999999999,1.7879225829521583e-05,0.5,0.25,0.25,0.0024796803967488635
40017,1,54.35,55.99,2.0,214,4.7,13,5.0,2.0,2.929094,0.970709,0,3.0,2.7,0.02060593900481541,0.020560514976648556,0.9511652671942663,0.048834729673326784,0.0019193857965451055,3.1962792537386346e-07,0.925,3.5758451659043166e-05,1.0,0.25,0.75,0.0037195205951232957
40018,1,17.36,18.04,1.0,145,5.0,41,2.0,1.0,3.769401,0.962306,0,1.0,4.0,0.005762439807383627,0.005320836395324089,0.9516039644394979,0.048396036082569927,0.0005483959418700302,2.1657032326733738e-07,1.0,0.00011919483886347721,0.25,0.0,0.25,0.005510400881664141
40019,1,81.61,158.24,3.3,227,3.8,185,5.0,4.0,48.426441,0.515736,0,1.0,0.5,0.03154494382022472,0.06162130904622502,0.9749179680455582,0.025082053359222593,0.0037016726076227035,3.3904457504610747e-07,0.7,0.0005482962587719951,1.0,0.75,0.25,0.0006888001102080177
40020,1,80.22,47.15,2.3,103,3.4,95,5.0,2.0,-70.137858,1.701379,0,3.0,1.1,0.03098715890850722,0.01701061356271158,0.9130193627095126,0.08698065921733601,0.002330682752947628,1.5383960894162587e-07,0.6,0.00028010787132917145,1.0,0.25,0.75,0.001515360242457639
40021,1,30.01,37.3,4.7,7,4.9,4,5.0,4.0,19.544236,0.804558,0,1.0,0.2,0.010838683788121991,0.013055123865055557,0.9598394981890479,0.040160520605393685,0.00562105840416781,1.0455119054285253e-08,0.9750000000000001,8.939612914760791e-06,1.0,0.75,0.25,0.0002755200440832071
40022,1,21.06,132.38,1.8,25,3.9,27,5.0,1.0,84.091252,0.159087,1,4.0,2.1,0.007247191011235955,0.05123664269278494,0.9935374182434095,0.006462556697335085,0.0016451878256100907,3.733971090816162e-08,0.725,7.747664526126018e-05,1.0,0.0,1.0,0.0028929604628736743
40023,1,12.69,15.03,4.8,2,4.9,2,5.0,1.0,15.568862,0.844311,0,4.0,0.1,0.0038884430176565005,0.0041121029953297104,0.9577640833435626,0.04223589681786032,0.005758157389635317,2.9871768726529295e-09,0.9750000000000001,2.97987097158693e-06,1.0,0.0,1.0,0.00013776002204160355
40024,1,38.73,43.43,4.8,5,4.9,5,5.0,4.0,10.822012,0.89178,0,1.0,0.1,0.014337881219903691,0.015516763646439457,0.9552859057030958,0.044714100561718116,0.005758157389635317,7.467942181632323e-09,0.9750000000000001,1.191948388634772e-05,1.0,0.75,0.25,0.00013776002204160355
40025,1,74.78,103.74,4.7,10,4.6,2,5.0,2.0,27.915944,0.720841,0,3.0,0.1,0.028804173354735153,0.03973560462772215,0.964210097550333,0.03578992542065115,0.00562105840416781,1.4935884363264646e-08,0.8999999999999999,2.97987097158693e-06,1.0,0.25,0.75,0.00013776002204160355
40026,1,34.63,162.11,1.5,17,4.0,29,5.0,5.0,78.637962,0.21362,1,0.0,2.5,0.012692616372391654,0.0631753948462178,0.9906904310108278,0.009309549150595045,0.001233890869207568,2.53910034175499e-08,0.75,8.343638720443405e-05,1.0,1.0,0.0,0.003444000551040088
40027,1,34.54,48.23,4.5,4,4.7,2,5.0,5.0,28.384823,0.716152,0,0.0,0.2,0.012656500802568218,0.017444311925500257,0.9644548841886057,0.03554512781895428,0.005346860433232794,5.974353745305859e-09,0.925,2.97987097158693e-06,1.0,1.0,0.0,0.0002755200440832071
40028,1,16.94,28.65,2.4,373,4.2,15,5.0,1.0,40.8726,0.591274,0,4.0,1.8,0.005593900481540932,0.009581521237164737,0.9709743507275808,0.0290256492724192,0.0024677817384151355,5.571084867497713e-07,0.8,4.1718193602217024e-05,1.0,0.0,1.0,0.0024796803967488635
40029,1,26.7,191.66,2.7,9,4.5,25,5.0,1.0,86.069081,0.139309,1,4.0,1.8,0.009510433386837882,0.07504186393918585,0.9945699791215639,0.0054300109591476475,0.0028790786948176585,1.3442295926938183e-08,0.875,7.151690331808633e-05,1.0,0.0,1.0,0.0024796803967488635
40030,1,22.12,116.91,3.5,8,4.3,14,5.0,4.0,81.079463,0.189205,1,1.0,0.8,0.00767255216693419,0.04502431521839523,0.991965060120106,0.008034920563384697,0.0039758705785577185,1.1948707490611718e-08,0.825,3.873832263063009e-05,1.0,0.75,0.25,0.0011020801763328284
40031,1,14.97,114.06,1.7,15,3.9,10,5.0,1.0,86.875329,0.131247,1,4.0,2.2,0.004803370786516854,0.04387983342770288,0.9949908952588487,0.005009119881118165,0.0015080888401425832,2.240382654489697e-08,0.725,2.6818838744282374e-05,1.0,0.0,1.0,0.003030720484915278
40032,1,17.01,154.53,3.4,33,4.3,15,5.0,3.0,88.992429,0.110076,1,2.0,0.9,0.005621990369181381,0.06013147485553427,0.9960961650446292,0.003903850095337689,0.003838771593090211,4.9288418398773336e-08,0.825,4.1718193602217024e-05,1.0,0.5,0.5,0.0012398401983744318
40033,1,48.16,52.38,4.8,8,5.0,2,4.0,2.0,8.05651,0.919435,0,2.0,0.2,0.018121990369181377,0.019110838041771577,0.9538421260974486,0.04615787912322957,0.005758157389635317,1.1948707490611718e-08,1.0,2.97987097158693e-06,0.75,0.25,0.5,0.0002755200440832071
40034,1,72.22,22.88,2.8,199,3.1,63,5.0,2.0,-215.646853,3.156469,0,3.0,0.3,0.027776886035313,0.007264447576710398,0.8370537986205313,0.16294622591665633,0.0030161776802851655,2.972240988289665e-07,0.525,0.00018475200023838968,1.0,0.25,0.75,0.00041328006612481057
40035,1,22.67,176.78,1.6,11,4.0,1,5.0,2.0,87.176151,0.128238,1,3.0,2.4,0.007893258426966292,0.06906646427409736,0.9951479447451734,0.00485202967350334,0.0013709898546750755,1.642947279959111e-08,0.75,0.0,1.0,0.25,0.75,0.0033062405289984846
40036,1,36.63,219.3,3.3,33,3.9,1,4.0,1.0,83.296854,0.167031,1,3.0,0.6,0.013495184590690209,0.08614132944611097,0.9931226886098142,0.006877287375065947,0.0037016726076227035,4.9288418398773336e-08,0.725,0.0,0.75,0.0,0.75,0.0008265601322496211
40037,1,27.7,114.8,2.9,46,4.9,13,2.0,2.0,75.87108,0.241289,1,0.0,2.0,0.009911717495987158,0.04417699712072475,0.9892459309515863,0.010754058607057184,0.0031532766657526735,6.870506807101737e-08,0.9750000000000001,3.5758451659043166e-05,0.25,0.25,0.0,0.0027552004408320707
40038,1,50.24,16.08,3.7,177,3.7,53,2.0,2.0,-212.437811,3.124378,0,0.0,0.0,0.01895666131621188,0.004533754181374261,0.8387291361879115,0.1612708580693425,0.004250068549492734,2.6436515322978423e-07,0.675,0.00015495329052252037,0.25,0.25,0.0,0.0
40039,1,44.72,41.06,2.0,466,4.1,12,5.0,1.0,-8.913785,1.089138,0,4.0,2.1,0.016741573033707866,0.014565036683653186,0.9449824811495098,0.05501752668150759,0.0019193857965451055,6.960122113281325e-07,0.7749999999999999,3.277858068745623e-05,1.0,0.0,1.0,0.0028929604628736743
40040,1,13.47,118.57,1.5,12,3.6,28,5.0,1.0,88.639622,0.113604,1,4.0,2.1,0.004201444622792937,0.04569092566490376,0.9959119758625821,0.004088035622910006,0.001233890869207568,1.7923061235917576e-08,0.65,8.045651623284712e-05,1.0,0.0,1.0,0.0028929604628736743
40041,1,36.06,15.27,2.8,177,5.0,77,5.0,5.0,-136.149312,2.361493,0,0.0,2.2,0.01326645264847512,0.0042084804092827515,0.8785569066981584,0.12144308703702766,0.0030161776802851655,2.6436515322978423e-07,1.0,0.0002264701938406067,1.0,1.0,0.0,0.003030720484915278
40042,1,69.6,79.87,5.0,7,4.6,5,5.0,2.0,12.858395,0.871416,0,3.0,0.4,0.026725521669341893,0.030150067664976046,0.9563490357404946,0.04365096164916634,0.006032355360570333,1.0455119054285253e-08,0.8999999999999999,1.191948388634772e-05,1.0,0.25,0.75,0.0005510400881664142
40043,1,79.33,26.9,3.5,28,3.8,46,5.0,1.0,-194.907063,2.949071,0,4.0,0.3,0.030630016051364364,0.00887876926042382,0.8478813756128472,0.1521186437036622,0.0039758705785577185,4.182047621714101e-08,0.7,0.00013409419372141187,1.0,0.0,1.0,0.00041328006612481057
40044,1,79.15,55.16,3.9,8,2.8,32,5.0,3.0,-43.491661,1.434917,0,2.0,1.1,0.030557784911717498,0.02022720975339429,0.9269304847396738,0.07306953562097132,0.0045242665204277485,1.1948707490611718e-08,0.44999999999999996,9.237600011919484e-05,1.0,0.5,0.5,0.001515360242457639
40045,1,38.96,22.35,3.8,39,2.8,52,5.0,4.0,-74.317673,1.743177,0,1.0,1.0,0.014430176565008026,0.007051614120897435,0.9108372157964465,0.08916279829938467,0.004387167534960241,5.8249949016732126e-08,0.44999999999999996,0.00015197341955093345,1.0,0.75,0.25,0.0013776002204160353
40046,1,36.32,20.12,3.7,121,2.2,32,5.0,4.0,-80.516899,1.805169,0,1.0,1.5,0.013370786516853932,0.006156107316250437,0.9076007993810553,0.09239920114101252,0.004250068549492734,1.8072420079550222e-07,0.30000000000000004,9.237600011919484e-05,1.0,0.75,0.25,0.002066400330624053
40047,1,36.94,177.12,1.5,15,4.0,5,5.0,1.0,79.144083,0.208559,1,4.0,2.5,0.013619582664526484,0.06920299894386418,0.9909546604989241,0.009045330625922852,0.001233890869207568,2.240382654489697e-08,0.75,1.191948388634772e-05,1.0,0.0,1.0,0.003444000551040088
40048,1,65.57,82.4,4.6,9,4.6,5,5.0,4.0,20.424757,0.795752,0,1.0,0.0,0.025108346709470302,0.031166046237064343,0.9602991898696701,0.03970078768141357,0.005483959418700301,1.3442295926938183e-08,0.8999999999999999,1.191948388634772e-05,1.0,0.75,0.25,0.0
40049,1,74.13,76.85,4.5,10,4.6,2,3.0,1.0,3.539362,0.964606,0,2.0,0.1,0.02854333868378812,0.028937318539400285,0.9514838684798119,0.04851611168161084,0.005346860433232794,1.4935884363264646e-08,0.8999999999999999,2.97987097158693e-06,0.5,0.0,0.5,0.00013776002204160355
40050,1,50.27,20.64,2.3,126,2.1,15,5.0,5.0,-143.556202,2.435562,0,0.0,0.2,0.018968699839486357,0.006364925046482024,0.8746900077686797,0.12530999118718467,0.002330682752947628,1.8819214297713454e-07,0.275,4.1718193602217024e-05,1.0,1.0,0.0,0.0002755200440832071
40051,1,84.88,56.52,4.2,27,4.9,154,5.0,2.0,-50.176929,1.501769,0,3.0,0.7,0.032857142857142856,0.020773348432461522,0.9234403214359824,0.07655966342405082,0.004935563476830272,4.0326887780814547e-08,0.9750000000000001,0.0004559202586528003,1.0,0.25,0.75,0.0009643201542912246
40052,1,16.86,123.29,2.0,10,4.6,1,5.0,2.0,86.324925,0.136751,1,3.0,2.6,0.005561797752808988,0.047586348139313554,0.9947035470413942,0.00529646601030128,0.0019193857965451055,1.4935884363264646e-08,0.8999999999999999,0.0,1.0,0.25,0.75,0.0035817605730816917
40053,1,16.54,92.99,1.6,42,2.8,170,5.0,1.0,82.213141,0.177869,1,4.0,1.2,0.005433386837881219,0.03541869962774223,0.9925569169243211,0.007443104480459589,0.0013709898546750755,6.273071432571151e-08,0.44999999999999996,0.0005035981941981912,1.0,0.0,1.0,0.0016531202644992423
40054,1,6.53,43.4,2.1,9,4.1,23,5.0,2.0,84.953917,0.150461,1,3.0,2.0,0.0014165329052969503,0.015504716469695326,0.9939877878810035,0.006012220994149484,0.002056484782012613,1.3442295926938183e-08,0.7749999999999999,6.555716137491247e-05,1.0,0.25,0.75,0.0027552004408320707
40055,1,66.62,119.0,4.3,46,3.3,28,5.0,1.0,44.016807,0.559832,0,4.0,1.0,0.025529695024077047,0.04586360186490296,0.9726158400277269,0.02738416362674778,0.0050726624622977785,6.870506807101737e-08,0.575,8.045651623284712e-05,1.0,0.0,1.0,0.0013776002204160353
40056,1,56.81,75.43,4.6,8,4.7,5,5.0,1.0,24.685139,0.753149,0,4.0,0.1,0.021593097913322635,0.028367085506844802,0.9625233982209445,0.03747662213970059,0.005483959418700301,1.1948707490611718e-08,0.925,1.191948388634772e-05,1.0,0.0,1.0,0.00013776002204160355
40057,1,37.88,39.29,4.7,1,4.5,3,5.0,5.0,3.588699,0.964113,0,0.0,0.2,0.013996789727126807,0.013854253255749516,0.9515096257399418,0.04849037373799033,0.00562105840416781,1.4935884363264647e-09,0.875,5.95974194317386e-06,1.0,1.0,0.0,0.0002755200440832071
40058,1,75.85,118.06,1.8,89,2.1,182,5.0,1.0,35.753007,0.64247,0,4.0,0.3,0.029233547351524877,0.04548612366025355,0.9683015759609693,0.03169842769350546,0.0016451878256100907,1.3292937083305535e-07,0.275,0.0005393566458572344,1.0,0.0,1.0,0.00041328006612481057
40059,1,44.93,24.24,2.7,172,3.4,55,5.0,1.0,-85.354785,1.853548,0,4.0,0.7,0.016825842696629213,0.007810586255777625,0.9050750947743526,0.09492491305666476,0.0028790786948176585,2.5689721104815194e-07,0.6,0.00016091303246569425,1.0,0.0,1.0,0.0009643201542912246
40060,1,23.66,61.41,3.9,260,4.3,190,3.0,1.0,61.472073,0.385279,0,2.0,0.4,0.008290529695024078,0.02273703824175471,0.9817286727293287,0.018271313174840022,0.0045242665204277485,3.883329934448808e-07,0.825,0.0005631956136299298,0.5,0.0,0.5,0.0005510400881664142
40061,1,117.89,44.11,3.7,99,3.4,78,2.0,1.0,-167.263659,2.672637,0,1.0,0.3,0.04610353130016051,0.01578983298597307,0.8623131073294988,0.13768691407528189,0.004250068549492734,1.4786525519632e-07,0.6,0.00022945006481219364,0.25,0.0,0.25,0.00041328006612481057
40062,1,49.59,63.34,4.6,9,4.9,3,5.0,2.0,21.708241,0.782918,0,3.0,0.3,0.018695826645264847,0.02351207327896041,0.9609692555660154,0.0390307658387653,0.005483959418700301,1.3442295926938183e-08,0.9750000000000001,5.95974194317386e-06,1.0,0.25,0.75,0.00041328006612481057
40063,1,7.94,94.43,2.7,9,4.6,16,5.0,2.0,91.591655,0.084083,1,3.0,1.9,0.0019823434991974318,0.03599696411146048,0.9974531373011192,0.0025468392058288396,0.0028790786948176585,1.3442295926938183e-08,0.8999999999999999,4.469806457380396e-05,1.0,0.25,0.75,0.002617440418790467
40064,1,36.73,49.93,4.6,1,4.8,2,5.0,1.0,26.437012,0.73563,0,4.0,0.2,0.013535313001605135,0.018126985274334293,0.9634379947423297,0.03656201152248421,0.005483959418700301,1.4935884363264647e-09,0.95,2.97987097158693e-06,1.0,0.0,1.0,0.0002755200440832071
40065,1,58.41,18.8,3.7,180,2.9,94,5.0,2.0,-210.691489,3.106915,0,3.0,0.8,0.022235152487961474,0.0056260315395087164,0.8396408347108172,0.16035917103192884,0.004250068549492734,2.6884591853876366e-07,0.475,0.00027712800035758453,1.0,0.25,0.75,0.0011020801763328284
40066,1,28.5,42.39,2.7,279,3.4,10,5.0,1.0,32.767162,0.672328,0,4.0,0.7,0.010232744783306581,0.015099128185976283,0.9667427623652376,0.033257217796185234,0.0028790786948176585,4.1671117373508367e-07,0.6,2.6818838744282374e-05,1.0,0.0,1.0,0.0009643201542912246
40067,1,49.16,156.19,3.0,255,3.1,133,5.0,5.0,68.525514,0.314745,0,0.0,0.1,0.018523274478330656,0.0607980853020428,0.9854110473092188,0.014588959999730677,0.003290375651220181,3.808650512632485e-07,0.525,0.0003933429682494748,1.0,1.0,0.0,0.00013776002204160355
40068,1,24.09,31.79,4.9,1,4.5,4,2.0,2.0,24.221453,0.757785,0,0.0,0.4,0.008463081861958266,0.010842459069717012,0.9622813226808712,0.037718652781941316,0.005895256375102825,1.4935884363264647e-09,0.875,8.939612914760791e-06,0.25,0.25,0.0,0.0005510400881664142
40069,1,85.91,107.08,2.1,313,4.1,25,5.0,4.0,19.770265,0.802297,0,1.0,2.0,0.03327046548956661,0.041076856971901964,0.9599575006567681,0.040042481070858255,0.002056484782012613,4.6749318057018346e-07,0.7749999999999999,7.151690331808633e-05,1.0,0.75,0.25,0.0027552004408320707
40070,1,8.55,53.22,3.5,19,4.5,16,5.0,4.0,83.934611,0.160654,1,1.0,1.0,0.0022271268057784915,0.019448158990607218,0.9934556410177166,0.006544364725029477,0.0039758705785577185,2.837818029020283e-08,0.875,4.469806457380396e-05,1.0,0.75,0.25,0.0013776002204160353
40071,1,39.3,37.16,1.3,91,4.2,33,5.0,2.0,-5.758881,1.057589,0,3.0,2.9,0.01456661316211878,0.012998903706916283,0.946629555009147,0.053370454910141654,0.0009596928982725529,1.359165477057083e-07,0.8,9.535587109078177e-05,1.0,0.25,0.75,0.003995040639206502
40072,1,65.0,91.76,4.5,6,4.8,4,5.0,2.0,29.163034,0.70837,0,3.0,0.3,0.024879614767255216,0.03492476538123291,0.9648611631103674,0.035138854639938474,0.005346860433232794,8.961530617958788e-09,0.95,8.939612914760791e-06,1.0,0.25,0.75,0.00041328006612481057
40073,1,12.66,88.31,2.3,11,4.4,19,3.0,2.0,85.664138,0.143359,1,1.0,2.1,0.0038764044943820227,0.03353934005565795,0.9943585714115533,0.005641448427024031,0.002330682752947628,1.642947279959111e-08,0.8500000000000001,5.363767748856475e-05,0.5,0.25,0.25,0.0028929604628736743
40074,1,68.28,91.67,4.6,2,4.8,2,3.0,2.0,25.515436,0.744846,0,1.0,0.2,0.026195826645264847,0.034888623851000514,0.9629568695672787,0.03704314922716291,0.005483959418700301,2.9871768726529295e-09,0.95,2.97987097158693e-06,0.5,0.25,0.25,0.0002755200440832071
40075,1,12.6,65.65,2.0,40,4.1,28,5.0,2.0,80.807312,0.191927,1,3.0,2.1,0.0038523274478330658,0.02443970588825842,0.9918229788403033,0.008177027424510501,0.0019193857965451055,5.974353745305858e-08,0.7749999999999999,8.045651623284712e-05,1.0,0.25,0.75,0.0028929604628736743
40076,1,14.3,175.6,2.7,19,4.3,28,5.0,1.0,91.856492,0.081435,1,4.0,1.6,0.004534510433386838,0.06859260865549492,0.9975914001768722,0.002408595646585218,0.0028790786948176585,2.837818029020283e-08,0.825,8.045651623284712e-05,1.0,0.0,1.0,0.002204160352665657
40077,1,15.95,22.5,1.8,43,4.0,47,3.0,2.0,29.111111,0.708889,0,1.0,2.2,0.005196629213483146,0.007111850004618085,0.9648340557828501,0.03516594995989596,0.0016451878256100907,6.422430276203799e-08,0.75,0.00013707406469299878,0.5,0.25,0.25,0.003030720484915278
40078,1,81.3,147.48,3.7,14,3.8,68,5.0,2.0,44.873881,0.551261,0,3.0,0.1,0.031420545746388445,0.05730038832066372,0.9730632907841287,0.02693669929658272,0.004250068549492734,2.0910238108570506e-08,0.7,0.00019965135509632432,1.0,0.25,0.75,0.00013776002204160355
40079,1,39.92,58.8,2.5,264,4.5,22,2.0,1.0,32.108844,0.678912,0,1.0,2.0,0.014815409309791333,0.0216889338650154,0.9663990757208488,0.03360094725013538,0.002604880723882643,3.943073471901867e-07,0.875,6.257729040332554e-05,0.25,0.0,0.25,0.0027552004408320707
40080,1,16.53,119.44,1.6,20,4.7,23,2.0,2.0,86.160415,0.138396,1,0.0,3.1,0.0054293739967897275,0.04604029379048353,0.9946176616640108,0.005382346167006625,0.0013709898546750755,2.987176872652929e-08,0.925,6.555716137491247e-05,0.25,0.25,0.0,0.004270560683289709
40081,1,11.82,110.27,1.9,29,4.5,24,5.0,4.0,89.280856,0.107191,1,1.0,2.6,0.0035393258426966293,0.04235787343236112,0.9962467435003013,0.0037532335287146354,0.0017822868110775978,4.3314064653467476e-08,0.875,6.853703234649939e-05,1.0,0.75,0.25,0.0035817605730816917
40082,1,116.94,31.64,3.0,56,3.5,41,1.0,1.0,-269.595449,3.695954,0,0.0,0.5,0.0457223113964687,0.010782223185996363,0.8088889726113313,0.19111100180734544,0.003290375651220181,8.364095243428202e-08,0.625,0.00011919483886347721,0.0,0.0,0.0,0.0006888001102080177
40083,1,49.22,92.7,3.4,269,3.5,35,5.0,1.0,46.903991,0.53096,0,4.0,0.1,0.018547351524879616,0.03530224358588231,0.9741231458900805,0.02587684941130903,0.003838771593090211,4.01775289371819e-07,0.625,0.00010131561303395563,1.0,0.0,1.0,0.00013776002204160355
40084,1,20.18,108.9,1.6,17,4.1,15,5.0,4.0,81.469238,0.185308,1,1.0,2.5,0.006894060995184591,0.04180771902771252,0.9921685491053935,0.007831470733183642,0.0013709898546750755,2.53910034175499e-08,0.7749999999999999,4.1718193602217024e-05,1.0,0.75,0.25,0.003444000551040088
40085,1,18.66,98.92,2.0,33,4.9,29,5.0,1.0,81.136272,0.188637,1,4.0,2.9,0.006284109149277689,0.037800024897498605,0.9919947182710012,0.00800526711109981,0.0019193857965451055,4.9288418398773336e-08,0.9750000000000001,8.343638720443405e-05,1.0,0.0,1.0,0.003995040639206502
40086,1,71.83,26.83,3.1,175,3.7,36,5.0,5.0,-167.722698,2.677227,0,0.0,0.6,0.027620385232744783,0.008850659181354182,0.8620734578385939,0.13792654320554176,0.0034274746366876885,2.613779763571313e-07,0.675,0.00010429548400554256,1.0,1.0,0.0,0.0008265601322496211
40087,1,21.84,146.67,2.4,10,3.7,28,5.0,4.0,85.109429,0.148906,1,1.0,1.3,0.007560192616372392,0.05697511454857221,0.9940689756921255,0.005931039447841391,0.0024677817384151355,1.4935884363264646e-08,0.675,8.045651623284712e-05,1.0,0.75,0.25,0.0017908802865408459
40088,1,46.98,48.34,4.7,5,4.9,4,5.0,4.0,2.813405,0.971866,0,1.0,0.2,0.01764847512038523,0.017488484906895405,0.9511048696900166,0.048895132920322576,0.00562105840416781,7.467942181632323e-09,0.9750000000000001,8.939612914760791e-06,1.0,0.75,0.25,0.0002755200440832071
40089,1,62.14,25.43,2.2,174,3.7,22,3.0,2.0,-144.357059,2.443571,0,1.0,1.5,0.023731942215088283,0.00828845759996145,0.8742719060990227,0.125728115305758,0.002193583767480121,2.5988438792080486e-07,0.675,6.257729040332554e-05,0.5,0.25,0.25,0.002066400330624053
40090,1,46.63,110.76,4.2,9,2.7,18,5.0,1.0,57.899964,0.421,0,4.0,1.5,0.017508025682182987,0.04255464398584858,0.9798637895640487,0.02013619164150973,0.004935563476830272,1.3442295926938183e-08,0.42500000000000004,5.0657806516977816e-05,1.0,0.0,1.0,0.002066400330624053
40091,1,24.46,34.44,4.9,6,4.8,3,5.0,1.0,28.977933,0.710221,0,4.0,0.1,0.0086115569823435,0.011906626348781828,0.9647645278344628,0.035235489393775306,0.005895256375102825,8.961530617958788e-09,0.95,5.95974194317386e-06,1.0,0.0,1.0,0.00013776002204160355
40092,1,47.54,65.02,4.6,7,4.8,1,5.0,1.0,26.884036,0.73116,0,4.0,0.2,0.017873194221508827,0.02418671517663169,0.9636713715883543,0.03632864720608731,0.005483959418700301,1.0455119054285253e-08,0.95,0.0,1.0,0.0,1.0,0.0002755200440832071
40093,1,66.68,28.67,2.2,120,3.7,16,5.0,4.0,-132.577607,2.325776,0,1.0,1.5,0.025553772070626007,0.009589552688327492,0.8804215789480385,0.11957841739748672,0.002193583767480121,1.7923061235917577e-07,0.675,4.469806457380396e-05,1.0,0.75,0.25,0.002066400330624053
40094,1,45.3,239.2,3.3,14,4.9,24,5.0,3.0,81.061873,0.189381,1,2.0,1.6,0.016974317817014445,0.09413262335305055,0.9919558769471184,0.008044108957050435,0.0037016726076227035,2.0910238108570506e-08,0.9750000000000001,6.853703234649939e-05,1.0,0.5,0.5,0.002204160352665657
40095,1,50.14,68.25,4.9,6,5.0,3,2.0,2.0,26.534799,0.734652,0,0.0,0.1,0.018916532905296952,0.025483794539416356,0.9634890461884315,0.03651095328950072,0.005895256375102825,8.961530617958788e-09,1.0,5.95974194317386e-06,0.25,0.25,0.0,0.00013776002204160355
40096,1,17.88,131.4,1.6,36,4.5,22,5.0,4.0,86.392694,0.136073,1,1.0,2.9,0.005971107544141252,0.050843101585810034,0.9947389270556178,0.0052610698119753075,0.0013709898546750755,5.376918370775273e-08,0.875,6.257729040332554e-05,1.0,0.75,0.25,0.003995040639206502
40097,1,48.12,203.53,1.4,14,4.3,12,2.0,2.0,76.357294,0.236427,1,0.0,2.9,0.01810593900481541,0.07980853020427996,0.9894997676355519,0.01050022923204114,0.0010967918837400603,2.0910238108570506e-08,0.825,3.277858068745623e-05,0.25,0.25,0.0,0.003995040639206502
40098,1,33.63,42.07,4.8,7,4.9,2,5.0,5.0,20.061802,0.799382,0,0.0,0.1,0.012291332263242376,0.01497062496737223,0.9601097027433662,0.03989029830076945,0.005758157389635317,1.0455119054285253e-08,0.9750000000000001,2.97987097158693e-06,1.0,1.0,0.0,0.00013776002204160355
40099,1,14.71,105.51,1.1,1,4.6,3,5.0,1.0,86.058194,0.139418,1,4.0,3.5,0.004699036918138042,0.04044638805562583,0.9945642953691866,0.005435701498406542,0.0006854949273375378,1.4935884363264647e-09,0.8999999999999999,5.95974194317386e-06,1.0,0.0,1.0,0.0048216007714561235
40100,1,40.92,52.29,1.1,103,4.6,38,2.0,1.0,21.744119,0.782559,0,1.0,3.5,0.015216693418940611,0.019074696511539188,0.9609879863153301,0.03901202360395848,0.0006854949273375378,1.5383960894162587e-07,0.8999999999999999,0.00011025522594871642,0.25,0.0,0.25,0.0048216007714561235
40101,1,16.26,17.77,4.8,7,4.5,5,2.0,2.0,8.497468,0.915025,0,0.0,0.3,0.0053210272873194225,0.005212411804626919,0.9540723360800656,0.045927647213764175,0.005758157389635317,1.0455119054285253e-08,0.875,1.191948388634772e-05,0.25,0.25,0.0,0.00041328006612481057
40102,1,20.92,129.87,2.9,7,3.7,6,5.0,2.0,83.891584,0.161084,1,3.0,0.8,0.0071910112359550565,0.0502286955718594,0.993433178005543,0.006566813641371909,0.0031532766657526735,1.0455119054285253e-08,0.675,1.4899354857934652e-05,1.0,0.25,0.75,0.0011020801763328284
40103,1,6.02,63.97,2.8,36,4.9,8,5.0,2.0,90.589339,0.094107,1,3.0,2.1,0.0012118780096308185,0.02376506399058714,0.9969298603701267,0.003070159990518437,0.0030161776802851655,5.376918370775273e-08,0.9750000000000001,2.0859096801108512e-05,1.0,0.25,0.75,0.0028929604628736743
40104,1,27.36,153.92,3.4,47,4.4,20,5.0,2.0,82.224532,0.177755,1,3.0,1.0,0.009775280898876405,0.05988651559507029,0.9925628637988806,0.0074371529072897345,0.003838771593090211,7.019865650734385e-08,0.8500000000000001,5.6617548460151674e-05,1.0,0.25,0.75,0.0013776002204160353
40105,1,75.45,21.2,3.3,157,2.3,46,5.0,2.0,-255.896226,3.558962,0,3.0,1.0,0.02907303370786517,0.006589805679039117,0.8160408961248965,0.18395909030134014,0.0037016726076227035,2.3449338450325496e-07,0.32499999999999996,0.00013409419372141187,1.0,0.25,0.75,0.0013776002204160353
40106,1,59.9,17.29,2.7,149,2.4,74,5.0,2.0,-246.443031,3.46443,0,3.0,0.3,0.0228330658105939,0.005019656976720839,0.8209761050487031,0.17902387876719436,0.0028790786948176585,2.2254467701264324e-07,0.35,0.0002175305809258459,1.0,0.25,0.75,0.00041328006612481057
40107,1,67.44,79.56,4.9,9,4.8,1,5.0,5.0,15.233786,0.847662,0,0.0,0.1,0.025858747993579453,0.030025580171953368,0.9575891509460658,0.04241084174498471,0.005895256375102825,1.3442295926938183e-08,0.95,0.0,1.0,1.0,0.0,0.00013776002204160355
40108,1,18.74,10.64,2.8,26,2.2,98,5.0,4.0,-76.12782,1.761278,0,1.0,0.6,0.00631621187800963,0.002349199465105353,0.909892196294807,0.09010779326383662,0.0030161776802851655,3.883329934448808e-08,0.30000000000000004,0.00028904748424393224,1.0,0.75,0.25,0.0008265601322496211
40109,1,53.11,61.9,4.7,8,4.6,4,5.0,1.0,14.200323,0.857997,0,4.0,0.1,0.020108346709470305,0.022933808795242167,0.957049613168624,0.04295039883893592,0.00562105840416781,1.1948707490611718e-08,0.8999999999999999,8.939612914760791e-06,1.0,0.0,1.0,0.00013776002204160355
40110,1,38.09,74.62,1.5,218,4.6,39,5.0,2.0,48.954704,0.510453,0,3.0,3.1,0.014081059390048155,0.028041811734753293,0.9751937571593675,0.024806244928903844,0.001233890869207568,3.256022791191693e-07,0.8999999999999999,0.00011323509692030335,1.0,0.25,0.75,0.004270560683289709
40111,1,64.4,22.65,3.8,49,3.1,67,5.0,5.0,-184.326711,2.843267,0,0.0,0.7,0.02463884430176565,0.007172085888338734,0.8534050369366024,0.14659495732065161,0.004387167534960241,7.318583337999678e-08,0.525,0.0001966714841247374,1.0,1.0,0.0,0.0009643201542912246
40112,1,9.94,69.74,1.4,30,4.3,25,5.0,1.0,85.747061,0.142529,1,4.0,2.9,0.002784911717495987,0.026082137651041472,0.9944018628415501,0.00559811679780492,0.0010967918837400603,4.480765308979394e-08,0.825,7.151690331808633e-05,1.0,0.0,1.0,0.003995040639206502
40113,1,39.5,41.96,1.6,396,4.8,50,5.0,2.0,5.862726,0.941373,0,3.0,3.2,0.014646869983948636,0.014926451985977087,0.9526968220628124,0.04730319151095108,0.0013709898546750755,5.9146102078528e-07,0.95,0.00014601367760775958,1.0,0.25,0.75,0.004408320705331314
40114,1,22.31,39.55,1.9,199,4.9,41,5.0,1.0,43.590392,0.564096,0,4.0,3.0,0.007748796147672552,0.013958662120865307,0.9723932224774443,0.02760677334601319,0.0017822868110775978,2.972240988289665e-07,0.9750000000000001,0.00011919483886347721,1.0,0.0,1.0,0.004132800661248106
40115,1,15.79,15.4,1.5,146,4.8,45,2.0,1.0,-2.532468,1.025325,0,1.0,3.3,0.005132423756019262,0.004260684841840647,0.9483139614166616,0.051686055289508655,0.001233890869207568,2.1806391170366384e-07,0.95,0.00013111432274982493,0.25,0.0,0.25,0.004546080727372916
40116,1,19.64,25.35,4.9,2,4.9,4,5.0,5.0,22.524655,0.774753,0,0.0,0.0,0.006677367576243981,0.008256331795310436,0.961395479044778,0.038604497462170075,0.005895256375102825,2.9871768726529295e-09,0.9750000000000001,8.939612914760791e-06,1.0,1.0,0.0,0.0
40117,1,43.71,200.12,2.1,28,3.8,23,2.0,2.0,78.158105,0.218419,1,0.0,1.7,0.016336276083467095,0.07843916778103052,0.9904399131120061,0.009560089498333011,0.002056484782012613,4.182047621714101e-08,0.7,6.555716137491247e-05,0.25,0.25,0.0,0.00234192037470726
40118,1,39.19,22.55,2.4,24,2.3,33,5.0,1.0,-73.791574,1.737916,0,4.0,0.1,0.014522471910112359,0.007131928632524968,0.9111118751554892,0.08888813841827414,0.0024677817384151355,3.584612247183515e-08,0.32499999999999996,9.535587109078177e-05,1.0,0.0,1.0,0.00013776002204160355
40119,1,26.49,31.14,4.6,3,5.0,5,1.0,1.0,14.932563,0.850674,0,0.0,0.4,0.009426163723916532,0.01058143690692753,0.9574318921105446,0.04256808857294611,0.005483959418700301,4.480765308979394e-09,1.0,1.191948388634772e-05,0.0,0.0,0.0,0.0005510400881664142
40120,1,92.47,26.59,2.5,170,2.2,75,5.0,2.0,-247.762317,3.477623,0,3.0,0.3,0.03590288924558587,0.008754281767401144,0.8202873482801976,0.17971264284464947,0.002604880723882643,2.5391003417549897e-07,0.30000000000000004,0.00022051045189743285,1.0,0.25,0.75,0.00041328006612481057
40121,1,58.88,87.93,5.0,3,4.7,5,5.0,1.0,33.037644,0.669624,0,4.0,0.3,0.022423756019261637,0.03338674248356564,0.9668839723138453,0.03311605065713887,0.006032355360570333,4.480765308979394e-09,0.925,1.191948388634772e-05,1.0,0.0,1.0,0.00041328006612481057
40122,1,6.0,99.58,2.0,19,4.4,17,5.0,2.0,93.974694,0.060253,1,3.0,2.4,0.001203852327447833,0.03806506278586946,0.9986972452813925,0.0013027515862006353,0.0019193857965451055,2.837818029020283e-08,0.8500000000000001,4.767793554539088e-05,1.0,0.25,0.75,0.0033062405289984846
40123,1,23.82,149.52,2.5,20,4.5,22,1.0,1.0,84.069021,0.15931,1,0.0,2.0,0.008354735152487962,0.05811959633926456,0.9935258121536604,0.006474198809763834,0.002604880723882643,2.987176872652929e-08,0.875,6.257729040332554e-05,0.0,0.0,0.0,0.0027552004408320707
40124,1,118.76,32.24,3.5,35,3.5,8,5.0,4.0,-268.362283,3.683623,0,1.0,0.0,0.04645264847512039,0.011023166720878963,0.8095327688990134,0.1904672399761396,0.0039758705785577185,5.2275595271426266e-08,0.625,2.0859096801108512e-05,1.0,0.75,0.25,0.0
40125,1,30.33,174.92,1.4,3,4.3,30,5.0,2.0,82.660645,0.173394,1,3.0,2.9,0.01096709470304976,0.0683195393159613,0.9927905443629003,0.007209479130151732,0.0010967918837400603,4.480765308979394e-09,0.825,8.641625817602097e-05,1.0,0.25,0.75,0.003995040639206502
40126,1,9.11,169.56,3.4,5,4.8,28,5.0,4.0,94.627271,0.053727,1,1.0,1.4,0.0024518459069020867,0.06616711040434341,0.9990379347344156,0.0009620501256176029,0.003838771593090211,7.467942181632323e-09,0.95,8.045651623284712e-05,1.0,0.75,0.25,0.0019286403085824492
40127,1,33.66,33.82,4.7,7,4.9,3,2.0,2.0,0.473093,0.995269,0,0.0,0.2,0.012303370786516853,0.011657651362736476,0.9498830681015704,0.050116928243954924,0.00562105840416781,1.0455119054285253e-08,0.9750000000000001,5.95974194317386e-06,0.25,0.25,0.0,0.0002755200440832071
40128,1,29.72,38.52,4.5,3,4.6,3,5.0,1.0,22.845275,0.771547,0,4.0,0.1,0.0107223113964687,0.013545042385983513,0.961562864429841,0.038437122518463485,0.005346860433232794,4.480765308979394e-09,0.8999999999999999,5.95974194317386e-06,1.0,0.0,1.0,0.00013776002204160355
40129,1,32.0,170.92,1.3,23,4.9,7,4.0,1.0,81.277791,0.187222,1,3.0,3.6,0.011637239165329053,0.06671324908341063,0.992068600787091,0.007931394514298556,0.0009596928982725529,3.435253403550869e-08,0.9750000000000001,1.7879225829521583e-05,0.75,0.0,0.75,0.004959360793497727
40130,1,32.88,149.22,2.8,23,4.1,2,5.0,2.0,77.96542,0.220346,1,3.0,1.3,0.011990369181380418,0.05799912457182326,0.99033931847374,0.009660691967616417,0.0030161776802851655,3.435253403550869e-08,0.7749999999999999,2.97987097158693e-06,1.0,0.25,0.75,0.0017908802865408459
40131,1,29.24,41.12,4.5,2,4.6,4,5.0,4.0,28.891051,0.711089,0,1.0,0.1,0.010529695024077046,0.014589131037141444,0.9647191695379591,0.0352808048807177,0.005346860433232794,2.9871768726529295e-09,0.8999999999999999,8.939612914760791e-06,1.0,0.75,0.25,0.00013776002204160355
40132,1,69.35,29.08,3.8,75,2.6,24,5.0,2.0,-138.480055,2.384801,0,3.0,1.2,0.02662520064205457,0.009754197437163933,0.8773401007767002,0.1226599227163518,0.004387167534960241,1.1201913272448485e-07,0.4,6.853703234649939e-05,1.0,0.25,0.75,0.0016531202644992423
40133,1,89.56,28.83,3.6,68,3.3,74,2.0,2.0,-210.64863,3.106486,0,0.0,0.3,0.034735152487961475,0.009653804297629517,0.8396632100155969,0.1603367743223686,0.004112969564025226,1.015640136701996e-07,0.575,0.0002175305809258459,0.25,0.25,0.0,0.00041328006612481057
40134,1,79.97,157.44,1.2,356,4.2,36,2.0,2.0,49.206047,0.50794,0,0.0,3.0,0.030886837881219903,0.06130005099971488,0.9753249752519315,0.024675049285256098,0.0008225939128050452,5.317174833322214e-07,0.8,0.00010429548400554256,0.25,0.25,0.0,0.004132800661248106
40135,1,26.41,26.91,4.5,10,4.6,5,5.0,5.0,1.858045,0.98142,0,0.0,0.1,0.00939406099518459,0.008882784986005197,0.9506061069756699,0.04939391651738207,0.005346860433232794,1.4935884363264646e-08,0.8999999999999999,1.191948388634772e-05,1.0,1.0,0.0,0.00013776002204160355
40136,1,47.48,87.02,2.4,211,4.7,44,5.0,1.0,45.43783,0.545622,0,4.0,2.3,0.01784911717495987,0.03302131145566036,0.973357710410231,0.02664230525180373,0.0024677817384151355,3.1514716006488403e-07,0.925,0.000128134451778238,1.0,0.0,1.0,0.003168480506956881
40137,1,16.38,76.23,1.8,45,3.9,6,3.0,2.0,78.512397,0.214876,1,1.0,2.1,0.005369181380417335,0.028688343553354936,0.9906248775647687,0.009375120869027819,0.0016451878256100907,6.721147963469092e-08,0.725,1.4899354857934652e-05,0.5,0.25,0.25,0.0028929604628736743
40138,1,94.45,38.07,3.2,255,2.4,191,2.0,2.0,-148.095613,2.480956,0,0.0,0.8,0.03669743178170145,0.013364334734821562,0.8723201273551237,0.12767986585799468,0.0035645736221551964,3.808650512632485e-07,0.35,0.0005661754846015167,0.25,0.25,0.0,0.0011020801763328284
40139,1,45.9,51.66,3.1,52,4.5,148,5.0,4.0,11.149826,0.888502,0,1.0,1.4,0.017215088282504013,0.018821705799912457,0.9554570468440697,0.044542966729693725,0.0034274746366876885,7.766659868897616e-08,0.875,0.0004380410328232787,1.0,0.75,0.25,0.0019286403085824492
40140,1,41.69,78.28,1.1,324,5.0,32,5.0,1.0,46.742463,0.532575,0,4.0,3.9,0.015525682182985553,0.029511567297537154,0.974038817318942,0.025961163364548626,0.0006854949273375378,4.839226533697746e-07,1.0,9.237600011919484e-05,1.0,0.0,1.0,0.005372640859622538
40141,1,15.23,65.5,3.1,41,4.4,7,5.0,4.0,76.748092,0.232519,1,1.0,1.3,0.004907704654895666,0.02437947000453777,0.9897037906962215,0.010296205127235978,0.0034274746366876885,6.123712588938506e-08,0.8500000000000001,1.7879225829521583e-05,1.0,0.75,0.25,0.0017908802865408459
40142,1,17.56,23.68,4.5,6,4.9,4,5.0,5.0,25.844595,0.741554,0,0.0,0.4,0.005842696629213483,0.0075857056232205315,0.9631287128894731,0.03687128450018784,0.005346860433232794,8.961530617958788e-09,0.9750000000000001,8.939612914760791e-06,1.0,1.0,0.0,0.0005510400881664142
40143,1,11.34,143.17,1.1,37,4.9,26,4.0,2.0,92.079346,0.079207,1,2.0,3.8,0.0033467094703049757,0.05556961059509037,0.9977077450792577,0.0022922789358621114,0.0006854949273375378,5.5262772144079196e-08,0.9750000000000001,7.449677428967326e-05,0.75,0.25,0.5,0.005234880837580934
40144,1,4.08,87.05,3.3,215,2.3,39,5.0,2.0,95.313038,0.04687,1,3.0,1.0,0.00043338683788121993,0.03303335863240449,0.9993959516184482,0.0006040682201291183,0.0037016726076227035,3.211215138101899e-07,0.32499999999999996,0.00011323509692030335,1.0,0.25,0.75,0.0013776002204160353
40145,1,40.84,222.33,1.6,48,4.2,9,5.0,2.0,81.630909,0.183691,1,3.0,2.6,0.01518459069020867,0.08735809429726811,0.9922529523322308,0.0077470523663796635,0.0013709898546750755,7.16922449436703e-08,0.8,2.383896777269544e-05,1.0,0.25,0.75,0.0035817605730816917
40146,1,79.38,141.71,1.8,101,4.1,47,5.0,5.0,43.984193,0.560158,0,0.0,2.3,0.030650080256821827,0.054983314660209386,0.972598813307783,0.027401183037742277,0.0016451878256100907,1.5085243206897293e-07,0.7749999999999999,0.00013707406469299878,1.0,1.0,0.0,0.003168480506956881
40147,1,33.52,225.0,2.6,8,4.5,8,5.0,1.0,85.102222,0.148978,1,4.0,1.9,0.012247191011235956,0.08843029302749568,0.9940652131493329,0.005934798336159192,0.002741979709350151,1.1948707490611718e-08,0.875,2.0859096801108512e-05,1.0,0.0,1.0,0.002617440418790467
40148,1,31.53,40.72,1.0,419,5.0,45,5.0,2.0,22.568762,0.774312,0,3.0,4.0,0.011448635634028892,0.01442850201388638,0.9614185058901993,0.038581474271223534,0.0005483959418700302,6.258135548207887e-07,1.0,0.00013111432274982493,1.0,0.25,0.75,0.005510400881664141
40149,1,15.48,23.22,5.0,6,4.8,5,5.0,5.0,33.333333,0.666667,0,0.0,0.2,0.005008025682182986,0.0074009822464772045,0.9670383420260401,0.03296167520219802,0.006032355360570333,8.961530617958788e-09,0.95,1.191948388634772e-05,1.0,1.0,0.0,0.0002755200440832071
40150,1,24.65,122.08,1.1,39,4.1,11,5.0,2.0,79.808322,0.201917,1,3.0,3.0,0.008687800963081862,0.04710044534396697,0.9913014383068866,0.008698573178605583,0.0006854949273375378,5.8249949016732126e-08,0.7749999999999999,2.9798709715869304e-05,1.0,0.25,0.75,0.004132800661248106
40151,1,110.17,34.26,3.3,126,3.8,90,5.0,4.0,-221.570344,3.215703,0,1.0,0.5,0.04300561797752809,0.01183434328831705,0.8339613345760164,0.16603864245299949,0.0037016726076227035,1.8819214297713454e-07,0.7,0.0002652085164712368,1.0,0.75,0.25,0.0006888001102080177
40152,1,122.05,124.71,2.2,115,4.2,79,5.0,1.0,2.132948,0.978671,0,4.0,2.0,0.04777287319422151,0.04815658117186904,0.9507496249861184,0.04925040007313709,0.002193583767480121,1.7176267017754345e-07,0.8,0.00023242993578378055,1.0,0.0,1.0,0.0027552004408320707
40153,1,56.71,16.45,3.0,166,4.0,45,5.0,4.0,-244.741641,3.447416,0,1.0,1.0,0.021552969502407704,0.004682336027885198,0.8218643460202345,0.1781356325749848,0.003290375651220181,2.4793568043019314e-07,0.75,0.00013111432274982493,1.0,0.75,0.25,0.0013776002204160353
40154,1,7.29,70.58,1.6,23,4.0,4,5.0,4.0,89.671295,0.103287,1,1.0,2.4,0.0017215088282504013,0.026419458599877117,0.9964505791386228,0.0035494182510382405,0.0013709898546750755,3.435253403550869e-08,0.75,8.939612914760791e-06,1.0,0.75,0.25,0.0033062405289984846
40155,1,21.59,103.94,1.1,33,3.8,12,5.0,1.0,79.228401,0.207716,1,4.0,2.7,0.007459871589085072,0.03981591913934969,0.9909986802135327,0.00900132030853525,0.0006854949273375378,4.9288418398773336e-08,0.7,3.277858068745623e-05,1.0,0.0,1.0,0.0037195205951232957
40156,1,71.93,26.78,2.3,182,3.4,6,5.0,2.0,-168.595967,2.68596,0,3.0,1.1,0.027660513643659713,0.0088305805534473,0.8616175521938163,0.1383824650344219,0.002330682752947628,2.718330954114166e-07,0.6,1.4899354857934652e-05,1.0,0.25,0.75,0.001515360242457639
40157,1,11.47,54.56,1.5,17,4.7,7,5.0,5.0,78.977273,0.210227,1,0.0,3.2,0.0033988764044943823,0.019986266218511694,0.9908675743655502,0.009132411538618608,0.001233890869207568,2.53910034175499e-08,0.925,1.7879225829521583e-05,1.0,1.0,0.0,0.004408320705331314
40158,1,51.97,77.36,4.6,1,4.5,2,5.0,2.0,32.820579,0.671794,0,3.0,0.1,0.019650882825040128,0.0291421205440505,0.9667706496620809,0.03322933937449486,0.005483959418700301,1.4935884363264647e-09,0.875,2.97987097158693e-06,1.0,0.25,0.75,0.00013776002204160355
40159,1,35.49,121.29,2.6,176,2.5,103,2.0,2.0,70.73955,0.292605,1,0.0,0.1,0.013037720706260032,0.04678320302303822,0.9865669242613847,0.013433101842006447,0.002741979709350151,2.628715647934578e-07,0.375,0.0003039468391018669,0.25,0.25,0.0,0.00013776002204160355
40160,1,19.64,28.36,4.7,2,4.6,3,1.0,1.0,30.747532,0.692525,0,0.0,0.1,0.006677367576243981,0.009465065195304814,0.9656883785300594,0.034311638176110985,0.00562105840416781,2.9871768726529295e-09,0.8999999999999999,5.95974194317386e-06,0.0,0.0,0.0,0.00013776002204160355
40161,1,34.17,229.5,2.2,32,4.8,3,1.0,1.0,85.111111,0.148889,1,0.0,2.6,0.012508025682182986,0.09023736953911518,0.9940698538102019,0.00593015193254413,0.002193583767480121,4.779482996244687e-08,0.95,5.95974194317386e-06,0.0,0.0,0.0,0.0035817605730816917
40162,1,50.1,33.39,2.2,159,3.9,86,5.0,3.0,-50.044924,1.500449,0,2.0,1.7,0.01890048154093098,0.01148497516273728,0.9235092369988145,0.07649075047155779,0.002193583767480121,2.3748056137590788e-07,0.725,0.00025328903258488907,1.0,0.5,0.5,0.00234192037470726
40163,1,5.88,5.86,1.2,387,4.7,28,5.0,2.0,-0.341297,1.003413,0,3.0,3.5,0.0011556982343499196,0.00042968263720730393,0.9494579012880794,0.050542100278124134,0.0008225939128050452,5.780187248583419e-07,0.925,8.045651623284712e-05,1.0,0.25,0.75,0.0048216007714561235
40164,1,7.1,109.74,3.1,38,3.7,29,5.0,2.0,93.530162,0.064698,1,3.0,0.6,0.0016452648475120384,0.04214503997654816,0.99846516942838,0.0015348107330427408,0.0034274746366876885,5.675636058040566e-08,0.675,8.343638720443405e-05,1.0,0.25,0.75,0.0008265601322496211
40165,1,65.23,101.2,3.6,89,4.2,33,5.0,5.0,35.543478,0.644565,0,0.0,0.6,0.024971910112359552,0.03871561033005248,0.9681921876123109,0.03180780090219707,0.004112969564025226,1.3292937083305535e-07,0.8,9.535587109078177e-05,1.0,1.0,0.0,0.0008265601322496211
40166,1,25.89,134.9,1.9,44,3.7,23,5.0,4.0,80.808006,0.19192,1,1.0,1.8,0.009185393258426967,0.05224860553929187,0.9918233411553717,0.008176661977035161,0.0017822868110775978,6.571789119836444e-08,0.675,6.555716137491247e-05,1.0,0.75,0.25,0.0024796803967488635
40167,1,9.59,179.97,2.7,10,4.8,23,5.0,1.0,94.671334,0.053287,1,4.0,2.1,0.00264446227929374,0.07034748073455653,0.9990609386088528,0.0009390791414532552,0.0028790786948176585,1.4935884363264646e-08,0.95,6.555716137491247e-05,1.0,0.0,1.0,0.0028929604628736743
40168,1,15.13,120.21,3.0,29,4.7,30,3.0,1.0,87.413693,0.125863,1,2.0,1.7,0.004867576243980739,0.04634950466024953,0.9952719577797272,0.004728038565798054,0.003290375651220181,4.3314064653467476e-08,0.925,8.641625817602097e-05,0.5,0.0,0.5,0.00234192037470726
40169,1,78.38,29.92,1.6,143,3.7,34,5.0,4.0,-161.965241,2.619652,0,1.0,2.1,0.03024879614767255,0.010091518385999575,0.8650792408743647,0.13492073772085467,0.0013709898546750755,2.1358314639468444e-07,0.675,9.83357420623687e-05,1.0,0.75,0.25,0.0028929604628736743
40170,1,74.04,128.31,3.4,155,3.5,147,5.0,2.0,42.296002,0.57704,0,3.0,0.1,0.02850722311396469,0.04960224238116464,0.9717174631094332,0.028282537934702548,0.003838771593090211,2.3150620763060202e-07,0.625,0.0004350611618516918,1.0,0.25,0.75,0.00013776002204160355
40171,1,105.81,167.08,1.5,178,3.3,165,5.0,2.0,36.671056,0.633289,0,3.0,1.8,0.04125601926163724,0.065171210460162,0.9687808598028124,0.031219117226203463,0.001233890869207568,2.658587416661107e-07,0.575,0.0004886988393402566,1.0,0.25,0.75,0.0024796803967488635
40172,1,11.7,122.02,2.3,33,4.2,2,5.0,5.0,90.411408,0.095886,1,0.0,1.9,0.0034911717495987155,0.04707635099047871,0.9968369683205051,0.0031630358560374707,0.002330682752947628,4.9288418398773336e-08,0.8,2.97987097158693e-06,1.0,1.0,0.0,0.002617440418790467
40173,1,26.55,109.52,1.2,12,4.7,18,5.0,2.0,75.757852,0.242421,1,3.0,3.5,0.00945024077046549,0.04205669401375787,0.9891868182562463,0.010813156684498188,0.0008225939128050452,1.7923061235917576e-08,0.925,5.0657806516977816e-05,1.0,0.25,0.75,0.0048216007714561235
40174,1,36.15,20.13,2.0,189,3.2,100,5.0,5.0,-79.582712,1.795827,0,0.0,1.2,0.013302568218298555,0.006160123041831813,0.9080885083534086,0.09191148538177767,0.0019193857965451055,2.8228821446570184e-07,0.55,0.0002950072261871061,1.0,1.0,0.0,0.0016531202644992423
40175,1,29.74,171.2,3.1,2,4.2,18,5.0,1.0,82.628505,0.173715,1,4.0,1.1,0.010730337078651685,0.06682568939968918,0.9927737651031038,0.0072262375072352685,0.0034274746366876885,2.9871768726529295e-09,0.8,5.0657806516977816e-05,1.0,0.0,1.0,0.001515360242457639
40176,1,9.24,70.7,2.3,6,4.0,24,4.0,1.0,86.930693,0.130693,1,3.0,1.7,0.002504012841091493,0.026467647306853637,0.9950197990217413,0.004980197323783963,0.002330682752947628,8.961530617958788e-09,0.75,6.853703234649939e-05,0.75,0.0,0.75,0.00234192037470726
40177,1,37.14,91.21,2.2,146,3.9,50,5.0,2.0,59.280781,0.407192,0,3.0,1.7,0.01369983948635634,0.034703900474257185,0.9805846696877046,0.01941532039300674,0.002193583767480121,2.1806391170366384e-07,0.725,0.00014601367760775958,1.0,0.25,0.75,0.00234192037470726
40178,1,27.63,134.31,2.8,28,3.9,12,5.0,4.0,79.428189,0.205718,1,1.0,1.1,0.009883627608346709,0.052011677729990644,0.9911029830995377,0.008897011157716234,0.0030161776802851655,4.182047621714101e-08,0.725,3.277858068745623e-05,1.0,0.75,0.25,0.001515360242457639
40179,1,72.45,131.82,1.9,436,4.6,27,5.0,1.0,45.038689,0.549613,0,4.0,2.7,0.027869181380417336,0.051011762060227846,0.9731493317377232,0.0268506625195308,0.0017822868110775978,6.512045582383386e-07,0.8999999999999999,7.747664526126018e-05,1.0,0.0,1.0,0.0037195205951232957
40180,1,17.68,17.52,1.8,309,4.7,11,5.0,4.0,-0.913242,1.009132,0,1.0,2.9,0.005890850722311396,0.005112018665092502,0.949159307207673,0.05084067086547845,0.0016451878256100907,4.615188268248776e-07,0.925,2.9798709715869304e-05,1.0,0.75,0.25,0.003995040639206502
40181,1,6.29,91.88,1.9,31,4.9,29,5.0,1.0,93.154114,0.068459,1,4.0,3.0,0.0013202247191011235,0.034972954088209426,0.9982688468680838,0.0017311604408657235,0.0017822868110775978,4.6301241526120406e-08,0.9750000000000001,8.343638720443405e-05,1.0,0.0,1.0,0.004132800661248106
40182,1,81.62,27.49,3.8,24,3.0,53,2.0,1.0,-196.907967,2.96908,0,1.0,0.8,0.03154895666131621,0.009115697069725042,0.8468367680197022,0.1531632492085359,0.004387167534960241,3.584612247183515e-08,0.5,0.00015495329052252037,0.25,0.0,0.25,0.0011020801763328284
40183,1,17.08,96.17,2.8,8,4.5,14,5.0,5.0,82.239784,0.177602,1,0.0,1.7,0.0056500802568218295,0.036695700362620015,0.9925708263773005,0.007429165269614405,0.0030161776802851655,1.1948707490611718e-08,0.875,3.873832263063009e-05,1.0,1.0,0.0,0.00234192037470726
40184,1,41.35,61.39,4.8,5,5.0,2,5.0,1.0,32.643753,0.673562,0,4.0,0.2,0.0153892455858748,0.02272900679059196,0.9666783344974026,0.033321640965409786,0.005758157389635317,7.467942181632323e-09,1.0,2.97987097158693e-06,1.0,0.0,1.0,0.0002755200440832071
40185,1,8.26,56.82,3.3,44,4.1,5,5.0,5.0,85.462865,0.145371,1,0.0,0.8,0.0021107544141252006,0.02089382019990282,0.9942534932548325,0.005746488472793731,0.0037016726076227035,6.571789119836444e-08,0.7749999999999999,1.191948388634772e-05,1.0,1.0,0.0,0.0011020801763328284
40186,1,28.52,29.14,4.8,4,5.0,4,2.0,2.0,2.12766,0.978723,0,0.0,0.2,0.010240770465489567,0.009778291790652194,0.9507468642914761,0.04925311482581106,0.005758157389635317,5.974353745305859e-09,1.0,8.939612914760791e-06,0.25,0.25,0.0,0.0002755200440832071
40187,1,8.19,80.88,1.0,34,3.7,1,3.0,2.0,89.873887,0.101261,1,1.0,2.7,0.002082664526484751,0.030555655948695085,0.9965563459028005,0.0034436473103178567,0.0005483959418700302,5.07820068350998e-08,0.675,0.0,0.5,0.25,0.25,0.0037195205951232957
40188,1,23.36,34.94,4.7,4,4.7,5,2.0,2.0,33.14253,0.668575,0,0.0,0.0,0.008170144462279294,0.012107412627850662,0.966938729919415,0.03306128574261978,0.00562105840416781,5.974353745305859e-09,0.925,1.191948388634772e-05,0.25,0.25,0.0,0.0
40189,1,40.1,161.1,1.2,10,4.2,20,5.0,2.0,75.108628,0.248914,1,3.0,3.0,0.014887640449438203,0.06276980656249874,0.9888478792966301,0.011152135321268894,0.0008225939128050452,1.4935884363264646e-08,0.8,5.6617548460151674e-05,1.0,0.25,0.75,0.004132800661248106
40190,1,21.92,42.41,2.2,347,4.5,2,4.0,2.0,48.314077,0.516859,0,2.0,2.3,0.007592295345104335,0.015107159637139034,0.9748593064168163,0.02514068157562387,0.002193583767480121,5.182751874052832e-07,0.875,2.97987097158693e-06,0.75,0.25,0.5,0.003168480506956881
40191,1,13.23,49.49,2.7,203,3.2,52,1.0,1.0,73.267327,0.267327,1,0.0,0.5,0.004105136436597111,0.01795029334875372,0.9878865952940665,0.012113418801764659,0.0028790786948176585,3.031984525742723e-07,0.55,0.00015197341955093345,0.0,0.0,0.0,0.0006888001102080177
40192,1,53.47,19.21,2.5,142,3.6,78,5.0,5.0,-178.344612,2.783446,0,0.0,1.1,0.020252808988764043,0.00579067628834516,0.8565280983320241,0.14347189540316194,0.002604880723882643,2.1208955795835798e-07,0.65,0.00022945006481219364,1.0,1.0,0.0,0.001515360242457639
40193,1,29.25,36.95,3.1,135,2.7,24,5.0,2.0,20.838972,0.79161,0,3.0,0.4,0.010533707865168539,0.012914573469707376,0.9605154381925255,0.03948454718957556,0.0034274746366876885,2.0163443890407275e-07,0.42500000000000004,6.853703234649939e-05,1.0,0.25,0.75,0.0005510400881664142
40194,1,10.99,15.03,4.9,4,4.6,2,5.0,1.0,26.879574,0.731204,0,4.0,0.3,0.0032062600321027287,0.0041121029953297104,0.963669042121733,0.03633094430450374,0.005895256375102825,5.974353745305859e-09,0.8999999999999999,2.97987097158693e-06,1.0,0.0,1.0,0.00041328006612481057
40195,1,34.62,51.68,4.9,5,4.7,5,1.0,2.0,33.010836,0.669892,0,1.0,0.2,0.01268860353130016,0.018829737251075212,0.9668699767196753,0.033130042074766254,0.005895256375102825,7.467942181632323e-09,0.925,1.191948388634772e-05,0.0,0.25,0.25,0.0002755200440832071
40196,1,12.45,15.68,4.7,1,4.5,2,5.0,4.0,20.59949,0.794005,0,1.0,0.2,0.0037921348314606737,0.004373125158119195,0.9603904123463971,0.03960958243292467,0.00562105840416781,1.4935884363264647e-09,0.875,2.97987097158693e-06,1.0,0.75,0.25,0.0002755200440832071
40197,1,10.75,64.68,2.9,24,4.8,9,5.0,5.0,83.379716,0.166203,1,0.0,1.9,0.003109951845906902,0.024050180506864884,0.9931659481936739,0.006834060159411219,0.0031532766657526735,3.584612247183515e-08,0.95,2.383896777269544e-05,1.0,1.0,0.0,0.002617440418790467
40198,1,69.49,23.8,2.8,181,2.3,32,5.0,5.0,-191.97479,2.919748,0,0.0,0.5,0.026681380417335473,0.0076338943301970524,0.8494122209912233,0.15058778422945499,0.0030161776802851655,2.703395069750901e-07,0.32499999999999996,9.237600011919484e-05,1.0,1.0,0.0,0.0006888001102080177
40199,1,37.62,15.82,3.4,160,2.4,78,5.0,2.0,-137.800253,2.378003,0,3.0,1.0,0.013892455858747993,0.0044293453162584685,0.8776950035261751,0.12230502101101264,0.003838771593090211,2.3897414981223434e-07,0.35,0.00022945006481219364,1.0,0.25,0.75,0.0013776002204160353
40200,1,49.6,22.87,3.3,74,3.8,51,5.0,2.0,-116.878006,2.16878,0,3.0,0.5,0.01869983948635634,0.007260431851129022,0.8886178354470745,0.11138216142051864,0.0037016726076227035,1.1052554428815839e-07,0.7,0.00014899354857934651,1.0,0.25,0.75,0.0006888001102080177
40201,1,69.4,21.45,2.0,53,2.3,122,5.0,2.0,-223.543124,3.235431,0,3.0,0.3,0.02664526484751204,0.006690198818573534,0.8329314096182949,0.16706857785207735,0.0019193857965451055,7.916018712530263e-08,0.32499999999999996,0.00036056438756201857,1.0,0.25,0.75,0.00041328006612481057
40202,1,75.96,111.47,4.8,3,5.0,5,5.0,2.0,31.856105,0.681439,0,3.0,0.2,0.029277688603531297,0.042839760502126324,0.9662671288216054,0.033732873788733804,0.005758157389635317,4.480765308979394e-09,1.0,1.191948388634772e-05,1.0,0.25,0.75,0.0002755200440832071
40203,1,18.62,165.62,2.2,49,4.2,1,5.0,2.0,88.757396,0.112426,1,3.0,2.0,0.006268057784911718,0.064584914525281,0.9959734618782405,0.004026536033488184,0.002193583767480121,7.318583337999678e-08,0.8,0.0,1.0,0.25,0.75,0.0027552004408320707
40204,1,67.0,87.54,4.8,5,4.6,5,5.0,1.0,23.46356,0.765364,0,4.0,0.2,0.025682182985553772,0.03323012918589195,0.9618856511331149,0.038114327984172205,0.005758157389635317,7.467942181632323e-09,0.8999999999999999,1.191948388634772e-05,1.0,0.0,1.0,0.0002755200440832071
40205,1,19.95,83.1,2.3,12,5.0,10,2.0,2.0,75.99278,0.240072,1,0.0,2.7,0.0068017656500802565,0.031447147027760705,0.9893094666055138,0.010690522953129885,0.002330682752947628,1.7923061235917576e-08,1.0,2.6818838744282374e-05,0.25,0.25,0.0,0.0037195205951232957
40206,1,24.43,30.43,2.0,36,4.3,50,5.0,5.0,19.717384,0.802826,0,0.0,2.3,0.008599518459069021,0.010296320390649785,0.9599298931882773,0.04007009845863766,0.0019193857965451055,5.376918370775273e-08,0.825,0.00014601367760775958,1.0,1.0,0.0,0.003168480506956881
40207,1,100.18,47.3,4.0,55,2.9,17,5.0,2.0,-111.79704,2.11797,0,3.0,1.1,0.03899678972712681,0.017070849446432227,0.8912704442999289,0.10872953481735839,0.004661365505895256,8.214736399795556e-08,0.475,4.767793554539088e-05,1.0,0.25,0.75,0.001515360242457639
40208,1,46.04,21.02,2.2,67,2.0,10,5.0,2.0,-119.029496,2.190295,0,3.0,0.2,0.01727126805778491,0.006517522618574337,0.8874946117488982,0.11250539033937305,0.002193583767480121,1.0007042523387313e-07,0.25,2.6818838744282374e-05,1.0,0.25,0.75,0.0002755200440832071
40209,1,41.17,31.23,3.6,184,4.2,65,5.0,5.0,-31.82837,1.318284,0,0.0,0.6,0.01531701444622793,0.010617578437159918,0.933019513668428,0.0669805019936068,0.004112969564025226,2.748202722840695e-07,0.8,0.00019071174218156353,1.0,1.0,0.0,0.0008265601322496211
40210,1,65.43,81.98,4.9,1,4.8,3,5.0,2.0,20.187851,0.798121,0,3.0,0.1,0.02505216693418941,0.03099738576264652,0.9601755088702509,0.03982446554842571,0.005895256375102825,1.4935884363264647e-09,0.95,5.95974194317386e-06,1.0,0.25,0.75,0.00013776002204160355
40211,1,36.3,157.66,2.4,25,4.5,17,1.0,1.0,76.975771,0.230242,1,0.0,2.1,0.013362760834670947,0.06138839696250517,0.9898226545758476,0.010177330284185477,0.0024677817384151355,3.733971090816162e-08,0.875,4.767793554539088e-05,0.0,0.0,0.0,0.0028929604628736743
40212,1,109.29,29.33,3.6,186,2.1,83,2.0,1.0,-272.621889,3.726219,0,1.0,1.5,0.04265248796147673,0.00985459057669835,0.8073089656723688,0.19269104007037724,0.004112969564025226,2.778074491567224e-07,0.275,0.0002443494196701283,0.25,0.0,0.25,0.002066400330624053
40213,1,18.49,92.36,2.6,12,4.3,18,5.0,2.0,79.980511,0.200195,1,3.0,1.7,0.006215890850722311,0.03516570891611551,0.9913913326430746,0.008608673099671477,0.002741979709350151,1.7923061235917576e-08,0.825,5.0657806516977816e-05,1.0,0.25,0.75,0.00234192037470726
40214,1,18.0,20.65,3.1,193,4.3,191,3.0,2.0,12.83293,0.871671,0,1.0,1.2,0.006019261637239166,0.0063689407720634,0.9563357412834095,0.043664274378625224,0.0034274746366876885,2.8826256821100767e-07,0.825,0.0005661754846015167,0.5,0.25,0.25,0.0016531202644992423
40215,1,18.91,86.43,1.7,38,3.9,9,5.0,1.0,78.121023,0.21879,1,4.0,2.2,0.006384430176565008,0.03278438364635914,0.9904205537930337,0.009579458214526132,0.0015080888401425832,5.675636058040566e-08,0.725,2.383896777269544e-05,1.0,0.0,1.0,0.003030720484915278
40216,1,18.42,126.71,3.7,6,3.9,162,3.0,2.0,85.462868,0.145371,1,1.0,0.2,0.006187800963081863,0.048959726288144365,0.994253494821036,0.005746488472793731,0.004250068549492734,8.961530617958788e-09,0.725,0.00047975922642549577,0.5,0.25,0.25,0.0002755200440832071
40217,1,39.89,42.39,1.8,222,2.9,101,1.0,2.0,5.897617,0.941024,0,1.0,1.1,0.014803370786516855,0.015099128185976283,0.9527150375311869,0.04728497134396617,0.0016451878256100907,3.315766328644752e-07,0.475,0.00029798709715869303,0.0,0.25,0.25,0.001515360242457639
40218,1,20.1,122.6,2.7,37,3.6,22,5.0,4.0,83.60522,0.163948,1,1.0,0.9,0.0068619582664526495,0.047309263074198554,0.9932836765757875,0.006716333865568937,0.0028790786948176585,5.5262772144079196e-08,0.65,6.257729040332554e-05,1.0,0.75,0.25,0.0012398401983744318
40219,1,17.3,78.47,3.1,19,3.5,23,5.0,2.0,77.953358,0.220466,1,3.0,0.4,0.005738362760834672,0.029587866083583308,0.9903330212916721,0.00966695678147942,0.0034274746366876885,2.837818029020283e-08,0.625,6.555716137491247e-05,1.0,0.25,0.75,0.0005510400881664142
40220,1,12.41,112.11,1.7,30,4.5,1,2.0,1.0,88.930515,0.110695,1,1.0,2.8,0.003776083467094703,0.04309676693933443,0.9960638417375031,0.003936166093514351,0.0015080888401425832,4.480765308979394e-08,0.875,0.0,0.25,0.0,0.25,0.0038572806171648984
40221,1,45.17,75.68,1.8,102,3.5,118,5.0,1.0,40.314482,0.596855,0,4.0,1.7,0.01692215088282504,0.028467478646379222,0.9706829752789482,0.02931701532383108,0.0016451878256100907,1.523460205052994e-07,0.625,0.00034864490367567087,1.0,0.0,1.0,0.00234192037470726
40222,1,81.47,151.19,4.2,16,4.8,72,2.0,2.0,46.114161,0.538858,0,0.0,0.6,0.03148876404494382,0.05879022251135447,0.9737108010622959,0.026289178577059067,0.004935563476830272,2.3897414981223436e-08,0.95,0.00021157083898267205,0.25,0.25,0.0,0.0008265601322496211
40223,1,63.67,120.43,1.6,485,5.0,11,1.0,2.0,47.131114,0.528689,0,1.0,3.4,0.024345906902086677,0.046437850623039824,0.9742417194999978,0.025758287808951678,0.0013709898546750755,7.243903916183354e-07,1.0,2.9798709715869304e-05,0.0,0.25,0.25,0.00468384074941452
40224,1,128.56,38.75,3.5,110,3.9,43,5.0,4.0,-231.767742,3.317677,0,1.0,0.4,0.050385232744783306,0.013637404074355175,0.8286376012129356,0.17136237686021588,0.0039758705785577185,1.6429472799591113e-07,0.725,0.00012515458080665108,1.0,0.75,0.25,0.0005510400881664142
40225,1,13.55,57.87,2.9,9,4.3,20,1.0,1.0,76.58545,0.234145,1,0.0,1.4,0.00423354735152488,0.02131547138594737,0.9896188805415292,0.01038109335507968,0.0031532766657526735,1.3442295926938183e-08,0.825,5.6617548460151674e-05,0.0,0.0,0.0,0.0019286403085824492
40226,1,26.99,128.85,1.5,12,4.9,15,5.0,3.0,79.053163,0.209468,1,2.0,3.4,0.009626805778491171,0.049819091562558974,0.9909071940925556,0.009092786590935107,0.001233890869207568,1.7923061235917576e-08,0.9750000000000001,4.1718193602217024e-05,1.0,0.5,0.5,0.00468384074941452
40227,1,29.78,40.73,4.8,9,4.9,1,5.0,1.0,26.88436,0.731156,0,4.0,0.1,0.010746388443017656,0.014432517739467755,0.9636715407383286,0.03632843837895854,0.005758157389635317,1.3442295926938183e-08,0.9750000000000001,0.0,1.0,0.0,1.0,0.00013776002204160355
40228,1,29.99,140.09,2.5,45,4.3,13,1.0,2.0,78.592333,0.214077,1,1.0,1.8,0.010830658105939004,0.054332767116026366,0.9906666095781815,0.009333407650056651,0.002604880723882643,6.721147963469092e-08,0.825,3.5758451659043166e-05,0.0,0.25,0.25,0.0024796803967488635
40229,1,37.94,11.09,3.8,149,3.7,24,5.0,4.0,-242.110009,3.4211,0,1.0,0.1,0.014020866773675762,0.0025299071162673027,0.8232382364065616,0.176761758894828,0.004387167534960241,2.2254467701264324e-07,0.675,6.853703234649939e-05,1.0,0.75,0.25,0.00013776002204160355
40230,1,35.19,43.26,4.9,9,4.9,5,5.0,1.0,18.654646,0.813454,0,4.0,0.0,0.012917335473515248,0.015448496311556053,0.9593750718753488,0.04062495213977104,0.005895256375102825,1.3442295926938183e-08,0.9750000000000001,1.191948388634772e-05,1.0,0.0,1.0,0.0
40231,1,24.53,13.84,4.0,46,3.3,83,5.0,2.0,-77.239884,1.772399,0,3.0,0.7,0.008639646869983949,0.0036342316511458876,0.9093116234644946,0.09068838488859053,0.004661365505895256,6.870506807101737e-08,0.575,0.0002443494196701283,1.0,0.25,0.75,0.0009643201542912246
40232,1,53.27,69.57,4.6,9,5.0,4,5.0,2.0,23.429639,0.765704,0,3.0,0.4,0.020172552166934192,0.02601387031615807,0.9618679420705276,0.03813207829011738,0.005483959418700301,1.3442295926938183e-08,1.0,8.939612914760791e-06,1.0,0.25,0.75,0.0005510400881664142
40233,1,61.28,70.57,3.7,255,3.5,47,5.0,5.0,13.164234,0.868358,0,0.0,0.2,0.023386837881219903,0.026415442874295737,0.9565087044410819,0.04349131330922412,0.004250068549492734,3.808650512632485e-07,0.625,0.00013707406469299878,1.0,1.0,0.0,0.0002755200440832071
40234,1,54.19,18.68,3.3,7,3.3,93,1.0,2.0,-190.09636,2.900964,0,1.0,0.0,0.020541733547351525,0.005577842832532196,0.8503928888499468,0.1496071320327661,0.0037016726076227035,1.0455119054285253e-08,0.575,0.00027414812938599757,0.0,0.25,0.25,0.0
40235,1,6.65,86.46,3.2,30,4.7,14,5.0,3.0,92.308582,0.076914,1,2.0,1.5,0.0014646869983948637,0.03279643082310327,0.9978274218184827,0.002172568784296544,0.0035645736221551964,4.480765308979394e-08,0.925,3.873832263063009e-05,1.0,0.5,0.5,0.002066400330624053
40236,1,58.39,71.49,2.5,163,4.8,23,5.0,5.0,18.324241,0.816758,0,0.0,2.3,0.022227126805778492,0.02678488962778239,0.9592025780566483,0.04079744334813242,0.002604880723882643,2.4345491512121376e-07,0.95,6.555716137491247e-05,1.0,1.0,0.0,0.003168480506956881
40237,1,10.25,12.17,4.5,4,5.0,4,3.0,1.0,15.7765,0.842235,0,2.0,0.5,0.0029093097913322633,0.002963605479055983,0.9578724844619696,0.04212751553803035,0.005346860433232794,5.974353745305859e-09,1.0,8.939612914760791e-06,0.5,0.0,0.5,0.0006888001102080177
40238,1,19.96,233.21,3.3,44,5.0,7,5.0,3.0,91.44119,0.085588,1,2.0,1.7,0.00680577849117175,0.09172720372980593,0.9973745843662944,0.0026254104130273475,0.0037016726076227035,6.571789119836444e-08,1.0,1.7879225829521583e-05,1.0,0.5,0.5,0.00234192037470726
40239,1,13.28,102.41,3.7,12,3.7,80,1.0,2.0,87.032516,0.129675,1,1.0,0.0,0.004125200642054574,0.03920151312539906,0.9950729575335724,0.004927050819512813,0.004250068549492734,1.7923061235917576e-08,0.675,0.0002354098067553675,0.0,0.25,0.25,0.0
40240,1,28.19,204.16,1.3,35,4.0,11,1.0,2.0,86.192202,0.138078,1,1.0,2.7,0.010108346709470306,0.0800615209159067,0.994634256633866,0.005365744410269666,0.0009596928982725529,5.2275595271426266e-08,0.75,2.9798709715869304e-05,0.0,0.25,0.25,0.0037195205951232957
40241,1,12.97,98.65,3.1,45,4.2,12,5.0,5.0,86.852509,0.131475,1,0.0,1.1,0.004000802568218299,0.03769160030680143,0.9949789816711526,0.005021023027457872,0.0034274746366876885,6.721147963469092e-08,0.8,3.277858068745623e-05,1.0,1.0,0.0,0.001515360242457639
40242,1,27.92,65.37,3.5,167,3.4,8,5.0,2.0,57.289276,0.427107,0,3.0,0.1,0.01,0.024327265571979874,0.9795449690100179,0.02045501846035444,0.0039758705785577185,2.494292688665196e-07,0.6,2.0859096801108512e-05,1.0,0.25,0.75,0.00013776002204160355
40243,1,58.69,69.95,4.7,10,4.7,4,5.0,4.0,16.097212,0.839028,0,1.0,0.0,0.022347512038523275,0.026166467888250385,0.9580399178772723,0.04196008838754157,0.00562105840416781,1.4935884363264646e-08,0.925,8.939612914760791e-06,1.0,0.75,0.25,0.0
40244,1,37.8,67.43,1.5,350,4.7,7,5.0,1.0,43.941866,0.560581,0,4.0,3.2,0.013964686998394862,0.02515450504174347,0.9725767157430847,0.027423266506609364,0.001233890869207568,5.227559527142626e-07,0.925,1.7879225829521583e-05,1.0,0.0,1.0,0.004408320705331314
40245,1,31.03,40.58,4.7,4,4.8,3,5.0,2.0,23.53376,0.764662,0,3.0,0.1,0.011247993579454253,0.014372281855747106,0.9619223002942136,0.03807767882307363,0.00562105840416781,5.974353745305859e-09,0.95,5.95974194317386e-06,1.0,0.25,0.75,0.00013776002204160355
40246,1,57.9,13.12,4.2,28,2.0,144,2.0,2.0,-341.310976,4.41311,0,0.0,2.2,0.022030497592295344,0.003345099409286766,0.7714486036328118,0.228551408896816,0.004935563476830272,4.182047621714101e-08,0.25,0.000426121548936931,0.25,0.25,0.0,0.003030720484915278
40247,1,52.48,86.76,2.4,65,2.4,19,5.0,2.0,39.511296,0.604887,0,3.0,0.0,0.019855537720706258,0.03291690259054457,0.9702636577133339,0.029736340198394808,0.0024677817384151355,9.70832483612202e-08,0.35,5.363767748856475e-05,1.0,0.25,0.75,0.0
40248,1,38.33,54.05,4.7,4,4.6,5,4.0,1.0,29.084181,0.709158,0,3.0,0.1,0.01417736757624398,0.01978146421386148,0.9648199964964058,0.03517999358430553,0.00562105840416781,5.974353745305859e-09,0.8999999999999999,1.191948388634772e-05,0.75,0.0,0.75,0.00013776002204160355
40249,1,20.09,29.03,4.5,8,4.8,1,5.0,2.0,30.795729,0.692043,0,3.0,0.3,0.006857945425361156,0.009734118809257052,0.9657135406328722,0.034286474507094586,0.005346860433232794,1.1948707490611718e-08,0.95,0.0,1.0,0.25,0.75,0.00041328006612481057
40250,1,33.23,39.09,5.0,5,4.6,1,5.0,3.0,14.991046,0.85009,0,2.0,0.4,0.012130818619582663,0.013773938744121984,0.9574624242029737,0.04253759981214615,0.006032355360570333,7.467942181632323e-09,0.8999999999999999,0.0,1.0,0.5,0.5,0.0005510400881664142
40251,1,4.93,25.16,2.0,78,4.0,95,5.0,2.0,80.405405,0.195946,1,3.0,2.0,0.0007744783306581058,0.008180033009264278,0.9916131561282002,0.008386846482138945,0.0019193857965451055,1.1649989803346425e-07,0.75,0.00028010787132917145,1.0,0.25,0.75,0.0027552004408320707
40252,1,24.75,32.87,2.0,127,4.6,24,2.0,2.0,24.703377,0.752966,0,0.0,2.6,0.008727929373996789,0.011276157432505691,0.9625329196938807,0.03746706829855951,0.0019193857965451055,1.8968573141346103e-07,0.8999999999999999,6.853703234649939e-05,0.25,0.25,0.0,0.0035817605730816917
40253,1,56.34,113.38,4.4,22,2.3,137,5.0,5.0,50.308696,0.496913,0,0.0,2.1,0.021404494382022472,0.04360676408816926,0.9759006328137005,0.02409936509802823,0.005209761447765287,3.285894559918222e-08,0.32499999999999996,0.0004052624521358225,1.0,1.0,0.0,0.0028929604628736743
40254,1,23.26,15.29,2.1,110,2.2,18,2.0,1.0,-52.125572,1.521256,0,1.0,0.1,0.008130016051364366,0.004216511860445505,0.9224229976292786,0.07757701698862048,0.002056484782012613,1.6429472799591113e-07,0.30000000000000004,5.0657806516977816e-05,0.25,0.0,0.25,0.00013776002204160355
40255,1,8.5,135.37,2.6,18,4.7,23,1.0,1.0,93.720913,0.062791,1,0.0,2.1,0.0022070626003210273,0.052437344641616576,0.9985647543874786,0.001435252399403169,0.002741979709350151,2.6884591853876366e-08,0.925,6.555716137491247e-05,0.0,0.0,0.0,0.0028929604628736743
40256,1,76.4,27.91,1.7,293,4.2,199,5.0,1.0,-173.737012,2.73737,0,4.0,2.5,0.029454253611556985,0.009284357544142864,0.858933578028289,0.14106641570689718,0.0015080888401425832,4.3762141184365414e-07,0.8,0.0005900144523742122,1.0,0.0,1.0,0.003444000551040088
40257,1,50.33,74.97,1.8,414,4.5,29,3.0,1.0,32.86648,0.671335,0,2.0,2.7,0.018992776886035314,0.028182362130101474,0.9667946130971746,0.03320537646146887,0.0016451878256100907,6.183456126391564e-07,0.875,8.343638720443405e-05,0.5,0.0,0.5,0.0037195205951232957
40258,1,15.52,24.19,2.4,66,4.4,23,5.0,2.0,35.841257,0.641587,0,3.0,2.0,0.005024077046548957,0.007790507627870743,0.9683476484462535,0.03165232910483019,0.0024677817384151355,9.857683679754667e-08,0.8500000000000001,6.555716137491247e-05,1.0,0.25,0.75,0.0027552004408320707
40259,1,57.86,49.52,1.8,225,4.2,36,2.0,2.0,-16.84168,1.168417,0,0.0,2.4,0.022014446227929373,0.01796234052549785,0.9408435822744731,0.05915642816688335,0.0016451878256100907,3.3605739817345455e-07,0.8,0.00010429548400554256,0.25,0.25,0.0,0.0033062405289984846
40260,1,105.01,92.8,3.7,120,4.8,10,5.0,3.0,-13.157328,1.131573,0,2.0,1.1,0.04093499197431782,0.03534240084169608,0.9427670638982887,0.057232921483812364,0.004250068549492734,1.7923061235917577e-07,0.95,2.6818838744282374e-05,1.0,0.5,0.5,0.001515360242457639
40261,1,10.17,147.25,3.1,7,4.2,6,5.0,1.0,93.093379,0.069066,1,4.0,1.1,0.002877207062600321,0.05720802663229206,0.9982371390789196,0.001762849957656085,0.0034274746366876885,1.0455119054285253e-08,0.8,1.4899354857934652e-05,1.0,0.0,1.0,0.001515360242457639
40262,1,40.08,99.27,4.4,206,3.0,176,5.0,4.0,59.625264,0.403747,0,1.0,1.4,0.014879614767255215,0.037940575292846786,0.9807645131772021,0.019235468028356337,0.005209761447765287,3.0767921788325174e-07,0.5,0.0005214774200277128,1.0,0.75,0.25,0.0019286403085824492
40263,1,31.93,46.71,4.5,2,4.9,5,5.0,2.0,31.642047,0.68358,0,3.0,0.4,0.011609149277688604,0.016833921637131006,0.9661553760277815,0.03384464850940623,0.005346860433232794,2.9871768726529295e-09,0.9750000000000001,1.191948388634772e-05,1.0,0.25,0.75,0.0005510400881664142
40264,1,26.52,34.64,4.5,5,4.7,1,5.0,1.0,23.441109,0.765589,0,4.0,0.2,0.00943820224719101,0.011986940860409363,0.9618739301884451,0.038126074510165336,0.005346860433232794,7.467942181632323e-09,0.925,0.0,1.0,0.0,1.0,0.0002755200440832071
40265,1,82.56,113.05,1.3,363,4.9,5,5.0,1.0,26.970367,0.730296,0,4.0,3.6,0.03192616372391653,0.04347424514398383,0.9637164422254881,0.036283540546273675,0.0009596928982725529,5.421726023865066e-07,0.9750000000000001,1.191948388634772e-05,1.0,0.0,1.0,0.004959360793497727
40266,1,18.9,21.12,4.7,10,4.7,2,2.0,2.0,10.511364,0.894886,0,0.0,0.0,0.006380417335473515,0.006557679874388105,0.9551237263783529,0.04487625482720553,0.00562105840416781,1.4935884363264646e-08,0.925,2.97987097158693e-06,0.25,0.25,0.0,0.0
40267,1,14.88,18.12,4.6,10,4.7,4,2.0,2.0,17.880795,0.821192,0,0.0,0.1,0.004767255216693419,0.0053529621999751035,0.9589710691692905,0.041028928220370416,0.005483959418700301,1.4935884363264646e-08,0.925,8.939612914760791e-06,0.25,0.25,0.0,0.00013776002204160355
40268,1,61.04,93.63,1.3,303,4.9,7,5.0,2.0,34.80722,0.651928,0,3.0,3.6,0.023290529695024077,0.03567570606495034,0.9678078110018818,0.03219219943947455,0.0009596928982725529,4.5255729620691883e-07,0.9750000000000001,1.7879225829521583e-05,1.0,0.25,0.75,0.004959360793497727
40269,1,18.89,24.76,1.6,434,4.8,8,2.0,2.0,23.707593,0.762924,0,0.0,3.2,0.006376404494382023,0.008019403986009213,0.9620130529099008,0.03798694343562446,0.0013709898546750755,6.482173813656857e-07,0.95,2.0859096801108512e-05,0.25,0.25,0.0,0.004408320705331314
40270,1,13.93,18.82,1.9,318,4.0,31,5.0,2.0,25.982997,0.74017,0,3.0,2.1,0.004386035313001605,0.00563406299067147,0.9632009681201621,0.036799030313634525,0.0017822868110775978,4.7496112275181576e-07,0.75,8.939612914760791e-05,1.0,0.25,0.75,0.0028929604628736743
40271,1,9.97,18.51,2.1,48,4.5,45,5.0,4.0,46.137223,0.538628,0,1.0,2.4,0.002796950240770466,0.005509575497648794,0.973722840990405,0.02627717101715498,0.002056484782012613,7.16922449436703e-08,0.875,0.00013111432274982493,1.0,0.75,0.25,0.0033062405289984846
40272,1,139.41,50.53,2.8,18,2.1,49,4.0,1.0,-175.895508,2.758955,0,3.0,0.7,0.054739165329052965,0.018367928809216894,0.8578066967229524,0.14219329910050502,0.0030161776802851655,2.6884591853876366e-08,0.275,0.00014303380663617266,0.75,0.0,0.75,0.0009643201542912246
40273,1,15.67,71.27,1.5,41,3.5,14,2.0,2.0,78.013189,0.219868,1,0.0,2.0,0.005084269662921349,0.026696543664992106,0.9903642571315252,0.009635737125728785,0.001233890869207568,6.123712588938506e-08,0.625,3.873832263063009e-05,0.25,0.25,0.0,0.0027552004408320707
40274,1,51.62,65.3,4.8,8,4.7,2,5.0,5.0,20.949464,0.790505,0,0.0,0.1,0.019510433386837882,0.024299155492910236,0.9605731225103047,0.039426858695253725,0.005758157389635317,1.1948707490611718e-08,0.925,2.97987097158693e-06,1.0,1.0,0.0,0.00013776002204160355
40275,1,54.75,27.2,3.4,175,2.6,49,5.0,1.0,-101.286765,2.012868,0,4.0,0.8,0.020766452648475122,0.00899924102786512,0.8967575206769274,0.10324249759544636,0.003838771593090211,2.613779763571313e-07,0.4,0.00014303380663617266,1.0,0.0,1.0,0.0011020801763328284
40276,1,23.79,155.82,3.1,260,3.0,181,5.0,5.0,84.732384,0.152676,1,0.0,0.1,0.008342696629213484,0.06064950345553186,0.9938721326302107,0.0061278590167040976,0.0034274746366876885,3.883329934448808e-07,0.5,0.0005363767748856475,1.0,1.0,0.0,0.00013776002204160355
40277,1,40.91,39.57,1.8,177,4.0,41,2.0,1.0,-3.386404,1.033864,0,1.0,2.2,0.015212680577849115,0.013966693572028063,0.9478681489090851,0.05213184900264357,0.0016451878256100907,2.6436515322978423e-07,0.75,0.00011919483886347721,0.25,0.0,0.25,0.003030720484915278
40278,1,40.79,33.49,4.1,190,3.2,4,5.0,4.0,-21.797552,1.217976,0,1.0,0.9,0.015164526484751204,0.011525132418551047,0.9382562809737337,0.061743744085521794,0.0047984644913627635,2.837818029020283e-07,0.55,8.939612914760791e-06,1.0,0.75,0.25,0.0012398401983744318
40279,1,40.85,38.81,1.5,140,3.2,143,5.0,1.0,-5.256377,1.052564,0,4.0,1.7,0.01518860353130016,0.013661498427843435,0.9468918961779316,0.05310811582962837,0.001233890869207568,2.0910238108570506e-07,0.55,0.0004231416779653441,1.0,0.0,1.0,0.00234192037470726
40280,1,27.58,66.81,2.9,14,4.4,40,5.0,2.0,58.718755,0.412812,0,3.0,1.5,0.009863563402889245,0.024905530055698115,0.980291253998024,0.019708722508924092,0.0031532766657526735,2.0910238108570506e-08,0.8500000000000001,0.00011621496789189027,1.0,0.25,0.75,0.002066400330624053
40281,1,28.93,41.49,4.8,8,5.0,1,5.0,3.0,30.272355,0.697276,0,2.0,0.2,0.010405296950240771,0.014737712883652384,0.9654403039086443,0.03455967259830375,0.005758157389635317,1.1948707490611718e-08,1.0,0.0,1.0,0.5,0.5,0.0002755200440832071
40282,1,52.38,21.8,3.3,96,2.1,42,5.0,1.0,-140.275229,2.402752,0,4.0,1.2,0.019815409309791334,0.006830749213921718,0.8764028981965581,0.123597086663475,0.0037016726076227035,1.433844898873406e-07,0.275,0.00012217470983506414,1.0,0.0,1.0,0.0016531202644992423
40283,1,41.11,51.08,4.7,3,4.6,2,5.0,4.0,19.518403,0.804816,0,1.0,0.1,0.015292937399678972,0.018588793716192608,0.9598260116110043,0.04017398995519914,0.00562105840416781,4.480765308979394e-09,0.8999999999999999,2.97987097158693e-06,1.0,0.75,0.25,0.00013776002204160355
40284,1,13.83,136.8,1.3,9,4.8,5,5.0,3.0,89.890351,0.101096,1,2.0,3.5,0.004345906902086677,0.05301159339975344,0.9965649412274206,0.0034350331912562262,0.0009596928982725529,1.3442295926938183e-08,0.95,1.191948388634772e-05,1.0,0.5,0.5,0.0048216007714561235
40285,1,21.38,12.28,2.2,159,2.4,30,5.0,1.0,-74.104235,1.741042,0,4.0,0.2,0.007375601926163724,0.0030077784604511265,0.9109486449082208,0.0890513368194054,0.002193583767480121,2.3748056137590788e-07,0.35,8.641625817602097e-05,1.0,0.0,1.0,0.0002755200440832071
40286,1,42.64,172.5,1.5,13,4.9,6,4.0,1.0,75.281159,0.247188,1,3.0,3.4,0.015906902086677367,0.06734773372526816,0.9889379521800133,0.01106202641520602,0.001233890869207568,1.941664967224404e-08,0.9750000000000001,1.4899354857934652e-05,0.75,0.0,0.75,0.00468384074941452
40287,1,9.93,101.75,2.8,36,4.6,3,5.0,3.0,90.240786,0.097592,1,2.0,1.8,0.002780898876404494,0.0389364752370282,0.996747892064594,0.0032521006264565108,0.0030161776802851655,5.376918370775273e-08,0.8999999999999999,5.95974194317386e-06,1.0,0.5,0.5,0.0024796803967488635
40288,1,72.59,42.39,2.3,107,3.4,18,4.0,2.0,-71.243218,1.712432,0,2.0,1.1,0.027925361155698235,0.015099128185976283,0.9124422898218784,0.08755770078090086,0.002330682752947628,1.5981396268693173e-07,0.6,5.0657806516977816e-05,0.75,0.25,0.5,0.001515360242457639
40289,1,26.22,128.61,3.4,2,3.6,2,5.0,4.0,79.612783,0.203872,1,1.0,0.2,0.009317817014446228,0.04972271414860594,0.9911993536870567,0.008800637437790356,0.003838771593090211,2.9871768726529295e-09,0.65,2.97987097158693e-06,1.0,0.75,0.25,0.0002755200440832071
40290,1,50.03,11.94,3.8,221,4.6,31,2.0,2.0,-319.011725,4.190117,0,0.0,0.8,0.01887239165329053,0.0028712437906843196,0.7830903250327621,0.2169096619155423,0.004387167534960241,3.300830444281487e-07,0.8999999999999999,8.939612914760791e-05,0.25,0.25,0.0,0.0011020801763328284
40291,1,30.63,38.39,4.7,8,4.8,4,5.0,5.0,20.213597,0.797864,0,0.0,0.1,0.011087479935794542,0.013492837953425615,0.9601889500283941,0.03981104840540244,0.00562105840416781,1.1948707490611718e-08,0.95,8.939612914760791e-06,1.0,1.0,0.0,0.00013776002204160355
40292,1,39.38,49.49,1.6,202,4.4,5,5.0,1.0,20.428369,0.795716,0,4.0,2.8,0.014598715890850723,0.01795029334875372,0.9603010755786429,0.03969890823725467,0.0013709898546750755,3.0170486413794585e-07,0.8500000000000001,1.191948388634772e-05,1.0,0.0,1.0,0.0038572806171648984
40293,1,64.58,73.19,4.8,10,4.5,3,5.0,5.0,11.763902,0.882361,0,0.0,0.3,0.02471107544141252,0.027467562976616428,0.9557776361638811,0.044222364880254494,0.005758157389635317,1.4935884363264646e-08,0.875,5.95974194317386e-06,1.0,1.0,0.0,0.00041328006612481057
40294,1,15.9,19.37,4.7,2,4.9,5,5.0,2.0,17.9143,0.820857,0,3.0,0.2,0.005176565008025683,0.005854927897647187,0.9589885610516637,0.04101143894833619,0.00562105840416781,2.9871768726529295e-09,0.9750000000000001,1.191948388634772e-05,1.0,0.25,0.75,0.0002755200440832071
40295,1,15.79,126.32,2.1,49,4.3,29,5.0,3.0,87.5,0.125,1,2.0,2.2,0.005132423756019262,0.04880311299047068,0.9953170158872334,0.004682984112766617,0.002056484782012613,7.318583337999678e-08,0.825,8.343638720443405e-05,1.0,0.5,0.5,0.003030720484915278
40296,1,163.92,43.39,3.3,110,2.5,41,5.0,2.0,-277.782899,3.777829,0,3.0,0.8,0.06457463884430176,0.01550070074411395,0.8046145684227769,0.19538543209929088,0.0037016726076227035,1.6429472799591113e-07,0.375,0.00011919483886347721,1.0,0.25,0.75,0.0011020801763328284
40297,1,17.04,18.4,4.6,5,4.9,3,5.0,5.0,7.391304,0.926087,0,0.0,0.3,0.0056340288924558585,0.005465402516253649,0.9534948434499025,0.04650515863836876,0.005483959418700301,7.467942181632323e-09,0.9750000000000001,5.95974194317386e-06,1.0,1.0,0.0,0.00041328006612481057
40298,1,72.0,125.71,2.7,72,2.7,147,5.0,2.0,42.72532,0.572747,0,3.0,0.0,0.02768860353130016,0.0485581537300067,0.9719415962226029,0.02805841421875358,0.0028790786948176585,1.0753836741550546e-07,0.42500000000000004,0.0004350611618516918,1.0,0.25,0.75,0.0
40299,1,44.87,42.01,3.3,252,3.6,180,5.0,1.0,-6.807903,1.068079,0,4.0,0.3,0.016801765650080257,0.01494653061388397,0.946081894378464,0.05391810405533259,0.0037016726076227035,3.763842859542691e-07,0.65,0.0005333969039140606,1.0,0.0,1.0,0.00041328006612481057
