product_id,fraud_label,listed_price,original_price,seller_rating,rating_count,item_rating,item_rating_count,review1_rating,review2_rating,price_deviation,price_ratio,abnormal_discount,review_rating_diff,seller_item_rating_gap,listed_price_scaled,original_price_scaled,price_deviation_scaled,price_ratio_scaled,seller_rating_scaled,rating_count_scaled,item_rating_scaled,item_rating_count_scaled,review1_rating_scaled,review2_rating_scaled,review_rating_diff_scaled,seller_item_rating_gap_scaled
40000,1,62.99,63.4,4.0,221,4.9,2,3.0,2.0,0.646688,0.993533,0,1.0,0.9,0.0240730337078651,0.0235361676324486,0.949973696465116,0.0500262972700701,0.0046613655058952,3.300830444281487e-07,0.975,2.97987097158693e-06,0.5,0.25,0.25,0.0012398401983744
40001,1,17.24,31.05,1.2,201,4.2,19,5.0,5.0,44.476651,0.555233,0,0.0,3.0,0.0057142857142857,0.0105452953766951,0.9728559097832286,0.0271440646354481,0.000822593912805,3.002112757016194e-07,0.8,5.363767748856475e-05,1.0,1.0,0.0,0.0041328006612481
40002,1,10.25,11.48,2.2,73,4.9,12,5.0,4.0,10.714286,0.892857,0,1.0,2.7,0.0029093097913322,0.0026865204139409,0.9552296654249118,0.0447703272661385,0.0021935837674801,1.0903195585183193e-07,0.975,3.277858068745623e-05,1.0,0.75,0.25,0.0037195205951232
40003,1,21.87,19.26,4.5,261,3.5,194,4.0,2.0,-13.551402,1.135514,0,2.0,1.0,0.0075722311396468,0.005810754916252,0.9425613305434344,0.0574386684124298,0.0053468604332327,3.898265818812073e-07,0.625,0.0005751150975162,0.75,0.25,0.5,0.001377600220416
40004,1,36.85,36.85,2.2,165,3.7,19,5.0,2.0,0.0,1.0,0,3.0,1.5,0.013583467094703,0.0128744162138936,0.9496360814694962,0.0503639185305038,0.0021935837674801,2.464420919938667e-07,0.675,5.363767748856475e-05,1.0,0.25,0.75,0.002066400330624
40005,1,10.48,11.45,2.1,73,4.9,4,5.0,5.0,8.471616,0.915284,0,0.0,2.8,0.0030016051364365,0.0026744732371968,0.9540588395827334,0.0459411687703518,0.0020564847820126,1.0903195585183193e-07,0.975,8.939612914760791e-06,1.0,1.0,0.0,0.0038572806171648
40006,1,34.9,43.56,2.3,251,4.1,16,5.0,2.0,19.880624,0.801194,0,3.0,1.8,0.0128009630818619,0.0155689680789973,0.9600151155395268,0.0399848969901008,0.0023306827529476,3.748906975179426e-07,0.7749999999999999,4.469806457380396e-05,1.0,0.25,0.75,0.0024796803967488
40007,1,90.98,23.7,3.1,126,2.5,65,5.0,3.0,-283.881857,3.838819,0,2.0,0.6,0.0353049759229534,0.0075937370743832,0.8014304987037537,0.1985695237451626,0.0034274746366876,1.8819214297713454e-07,0.375,0.0001907117421815,1.0,0.5,0.5,0.0008265601322496
40008,1,62.57,119.85,1.1,69,4.7,6,5.0,1.0,47.793075,0.522069,0,4.0,3.6,0.0239044943820224,0.0462049385393199,0.974587308037462,0.0254126789108426,0.0006854949273375,1.0305760210652609e-07,0.925,1.4899354857934652e-05,1.0,0.0,1.0,0.0049593607934977
40009,1,42.33,105.57,2.3,91,4.0,13,2.0,2.0,59.903382,0.400966,0,0.0,1.7,0.015782504012841,0.040470482409114,0.980909709635698,0.0190902809670812,0.0023306827529476,1.359165477057083e-07,0.75,3.5758451659043166e-05,0.25,0.25,0.0,0.0023419203747072
40010,1,35.14,65.1,2.4,265,4.8,2,5.0,1.0,46.021505,0.539785,0,4.0,2.4,0.0128972712680577,0.0242188409812827,0.9736624283461884,0.0263375742641507,0.0024677817384151,3.958009356265133e-07,0.95,2.97987097158693e-06,1.0,0.0,1.0,0.0033062405289984
40011,1,29.29,120.27,2.2,203,2.4,166,4.0,2.0,75.646462,0.243535,1,2.0,0.2,0.0105497592295345,0.0463735990137377,0.989128665121563,0.0108713150398597,0.0021935837674801,3.031984525742723e-07,0.35,0.0004916787103118,0.75,0.25,0.5,0.0002755200440832
40012,1,6.33,6.63,4.1,91,4.3,27,5.0,2.0,4.524887,0.954751,0,3.0,0.2,0.001336276083467,0.0007388935069733,0.9519983793700068,0.0480016138431116,0.0047984644913627,1.359165477057083e-07,0.825,7.747664526126018e-05,1.0,0.25,0.75,0.0002755200440832
40013,1,24.83,24.83,3.1,68,4.0,17,3.0,1.0,0.0,1.0,0,2.0,0.9,0.0087600321027287,0.0080475140650788,0.9496360814694962,0.0503639185305038,0.0034274746366876,1.015640136701996e-07,0.75,4.767793554539088e-05,0.5,0.0,0.5,0.0012398401983744
40014,1,22.82,27.67,1.2,88,4.8,35,2.0,2.0,17.528009,0.82472,0,0.0,3.6,0.0079534510433386,0.0091879801301898,0.9587868909506676,0.0412131137479427,0.000822593912805,1.314357823967289e-07,0.95,0.0001013156130339,0.25,0.25,0.0,0.0049593607934977
40015,1,27.68,43.18,4.2,84,5.0,2,2.0,1.0,35.896248,0.641038,0,1.0,0.8,0.0099036918138041,0.015416370506905,0.9683763574778486,0.0316236675814069,0.0049355634768302,1.2546142865142305e-07,1.0,2.97987097158693e-06,0.25,0.0,0.25,0.0011020801763328
40016,1,10.8,13.35,2.3,5,4.9,9,5.0,5.0,19.101124,0.808989,0,0.0,2.6,0.0031300160513643,0.0034374610976584,0.9596081636723428,0.0403918488572851,0.0023306827529476,7.467942181632323e-09,0.975,2.383896777269544e-05,1.0,1.0,0.0,0.0035817605730816
40017,1,19.67,45.18,1.8,3,3.2,17,5.0,5.0,56.463037,0.43537,0,0.0,1.4,0.0066894060995184,0.0162195156231803,0.979113616214905,0.0208864031016044,0.00164518782561,4.480765308979394e-09,0.55,4.767793554539088e-05,1.0,1.0,0.0,0.0019286403085824
40018,1,55.8,77.29,3.4,135,4.8,4,4.0,2.0,27.804373,0.721956,0,2.0,1.4,0.0211878009630818,0.0291140104649808,0.964151849921374,0.0358481359827949,0.0038387715930902,2.0163443890407283e-07,0.95,8.939612914760791e-06,0.75,0.25,0.5,0.0019286403085824
40019,1,113.18,29.23,3.8,164,2.6,20,5.0,5.0,-287.204926,3.872049,0,0.0,1.2,0.0442134831460674,0.0098144333208845,0.7996956313088439,0.2003043551173928,0.0043871675349602,2.449485035575402e-07,0.4,5.661754846015168e-05,1.0,1.0,0.0,0.0016531202644992
40020,1,56.55,43.1,3.1,1,2.9,54,5.0,5.0,-31.206497,1.312065,0,0.0,0.2,0.0214887640449438,0.015384244702254,0.9333441735510468,0.0666558280151566,0.0034274746366876,1.4935884363264647e-09,0.475,0.0001579331614941,1.0,1.0,0.0,0.0002755200440832
40021,1,63.11,82.65,4.5,4,4.8,2,5.0,2.0,23.641863,0.763581,0,3.0,0.3,0.024121187800963,0.0312664393765987,0.9619787373919664,0.0380212432915244,0.0053468604332327,5.974353745305859e-09,0.95,2.97987097158693e-06,1.0,0.25,0.75,0.0004132800661248
40022,1,7.3,11.86,2.3,460,4.8,8,4.0,2.0,38.448567,0.615514,0,2.0,2.5,0.0017255216693418,0.0028391179860333,0.969708841099016,0.030291141672746,0.0023306827529476,6.870506807101738e-07,0.95,2.0859096801108512e-05,0.75,0.25,0.5,0.00344400055104
40023,1,120.67,114.15,3.7,259,3.3,141,5.0,3.0,-5.711783,1.057118,0,2.0,0.4,0.0472191011235955,0.0439159749579352,0.9466541433594235,0.0533458655157293,0.0042500685494927,3.868394050085545e-07,0.575,0.0004171819360221,1.0,0.5,0.5,0.0005510400881664
40024,1,61.18,32.51,2.4,111,2.8,74,5.0,4.0,-88.18825,1.881882,0,1.0,0.4,0.0233467094703049,0.0111315913115761,0.9035958338733244,0.0964041400232843,0.0024677817384151,1.657883164322376e-07,0.4499999999999999,0.0002175305809258,1.0,0.75,0.25,0.0005510400881664
40025,1,28.53,52.25,1.9,85,4.4,26,5.0,1.0,45.397129,0.546029,0,4.0,2.5,0.010244783306581,0.0190586336092136,0.9733364617278112,0.0266635534121557,0.0017822868110775,1.2695501708774949e-07,0.8500000000000001,7.449677428967326e-05,1.0,0.0,1.0,0.00344400055104
40026,1,12.81,167.15,1.5,17,4.1,7,5.0,1.0,92.336225,0.076638,1,4.0,2.6,0.0039365971107544,0.0651993205392316,0.997841853339284,0.0021581597124116,0.0012338908692075,2.53910034175499e-08,0.7749999999999999,1.7879225829521583e-05,1.0,0.0,1.0,0.0035817605730816
40027,1,26.98,45.31,2.5,95,4.4,50,5.0,1.0,40.454646,0.595454,0,4.0,1.9,0.0096227929373996,0.0162717200557382,0.9707561503931392,0.0292438736219805,0.0026048807238826,1.418909014510142e-07,0.8500000000000001,0.0001460136776077,1.0,0.0,1.0,0.0026174404187904
40028,1,18.31,229.05,2.5,8,4.7,19,5.0,1.0,92.006112,0.079939,1,4.0,2.2,0.0061436597110754,0.0900566618879532,0.9976695119643876,0.0023304943004264,0.0026048807238826,1.1948707490611718e-08,0.925,5.363767748856475e-05,1.0,0.0,1.0,0.0030307204849152
40029,1,58.3,101.16,3.6,223,2.5,134,5.0,2.0,42.368525,0.576315,0,3.0,1.1,0.022191011235955,0.0386995474277269,0.971755325034082,0.0282446880176135,0.0041129695640252,3.330702213008017e-07,0.375,0.000396322839221,1.0,0.25,0.75,0.0015153602424576
40030,1,30.16,76.13,3.3,195,3.0,127,5.0,5.0,60.383554,0.396164,0,0.0,0.3,0.0108988764044943,0.0286481862975411,0.9811603919858836,0.0188395839989966,0.0037016726076227,2.912497450836606e-07,0.5,0.0003754637424199,1.0,1.0,0.0,0.0004132800661248
40031,1,26.01,170.81,2.9,45,4.2,23,4.0,4.0,84.772554,0.152274,1,0.0,1.3,0.0092335473515248,0.0666690761020155,0.9938931040946172,0.006106871890263,0.0031532766657526,6.721147963469094e-08,0.8,6.555716137491247e-05,0.75,0.75,0.0,0.0017908802865408
40032,1,22.74,39.87,2.8,42,3.7,30,5.0,5.0,42.964635,0.570354,0,0.0,0.9,0.0079213483146067,0.0140871653394693,0.972066534883405,0.0279334833889688,0.0030161776802851,6.273071432571151e-08,0.675,8.641625817602097e-05,1.0,1.0,0.0,0.0012398401983744
40033,1,83.2,106.22,4.8,3,4.8,4,5.0,4.0,21.672002,0.78328,0,1.0,0.0,0.032182985553772,0.0407315045719035,0.960950336350217,0.0390496646939187,0.0057581573896353,4.480765308979394e-09,0.95,8.939612914760791e-06,1.0,0.75,0.25,0.0
40034,1,12.13,18.87,1.1,96,4.8,21,5.0,4.0,35.718071,0.642819,0,1.0,3.7,0.0036637239165329,0.0056541416185783,0.9682833369995428,0.0317166478604903,0.0006854949273375,1.433844898873406e-07,0.95,5.959741943173861e-05,1.0,0.75,0.25,0.0050971208155393
40035,1,29.69,49.54,3.5,81,2.7,142,5.0,4.0,40.068631,0.599314,0,1.0,0.8,0.0107102728731942,0.0179703719766606,0.970554624382862,0.0294453918012404,0.0039758705785577,1.2098066334244365e-07,0.425,0.0004201618069937,1.0,0.75,0.25,0.0011020801763328
40036,1,95.81,107.51,3.5,102,3.3,140,4.0,4.0,10.882709,0.891173,0,0.0,0.2,0.0372431781701444,0.0412495331719011,0.9553175936536826,0.0446824110449277,0.0039758705785577,1.523460205052994e-07,0.575,0.0004142020650505,0.75,0.75,0.0,0.0002755200440832
40037,1,16.72,28.81,1.7,69,4.0,6,5.0,4.0,41.964596,0.580354,0,1.0,2.3,0.005505617977528,0.0096457728464667,0.971544446700843,0.0284555512108858,0.0015080888401425,1.0305760210652609e-07,0.75,1.4899354857934652e-05,1.0,0.75,0.25,0.0031684805069568
40038,1,66.53,42.34,1.6,90,3.4,167,5.0,4.0,-57.132735,1.571327,0,1.0,1.8,0.0254935794542536,0.0150790495580694,0.9198089189478852,0.080191062779741,0.001370989854675,1.3442295926938188e-07,0.6,0.0004946585812834,1.0,0.75,0.25,0.0024796803967488
40039,1,113.86,160.18,4.8,8,4.5,3,5.0,5.0,28.917468,0.710825,0,0.0,0.3,0.0444863563402889,0.062400359809012,0.9647329610036108,0.035267022290219,0.0057581573896353,1.1948707490611718e-08,0.875,5.95974194317386e-06,1.0,1.0,0.0,0.0004132800661248
40040,1,15.38,25.69,2.8,80,3.9,4,5.0,2.0,40.132347,0.598677,0,3.0,1.1,0.004967897271268,0.0083928664650772,0.9705878884562033,0.0294121360809843,0.0030161776802851,1.1948707490611717e-07,0.725,8.939612914760791e-06,1.0,0.25,0.75,0.0015153602424576
40041,1,16.36,21.61,3.4,14,3.9,8,4.0,2.0,24.294308,0.757057,0,2.0,0.5,0.0053611556982343,0.0067544504278755,0.9623193579320368,0.0376806462445057,0.0038387715930902,2.0910238108570506e-08,0.725,2.0859096801108512e-05,0.75,0.25,0.5,0.000688800110208
40042,1,25.97,62.29,2.2,17,4.7,18,5.0,5.0,58.307915,0.416921,0,0.0,2.5,0.0092174959871589,0.0230904220929158,0.9800767676540676,0.0199232401769497,0.0021935837674801,2.53910034175499e-08,0.925,5.0657806516977816e-05,1.0,1.0,0.0,0.00344400055104
40043,1,11.83,12.68,3.0,100,4.4,12,5.0,2.0,6.70347,0.932965,0,3.0,1.4,0.0035433386837881,0.0031684074837061,0.953135747451682,0.0468642368862832,0.0032903756512201,1.493588436326465e-07,0.8500000000000001,3.277858068745623e-05,1.0,0.25,0.75,0.0019286403085824
40044,1,38.87,63.75,2.7,83,3.2,22,5.0,1.0,39.027451,0.609725,0,4.0,0.5,0.0143940609951845,0.0236767180277968,0.9700110578080384,0.0299889166106382,0.0028790786948176,1.2396784021509657e-07,0.55,6.257729040332554e-05,1.0,0.0,1.0,0.000688800110208
40045,1,7.94,16.07,3.1,56,3.3,20,5.0,5.0,50.591164,0.494088,0,0.0,0.2,0.0019823434991974,0.0045297384557928,0.9760481002672218,0.0239518809383366,0.0034274746366876,8.364095243428202e-08,0.575,5.661754846015168e-05,1.0,1.0,0.0,0.0002755200440832
40046,1,64.75,17.61,3.2,66,3.0,79,5.0,2.0,-267.688813,3.676888,0,3.0,0.2,0.0247792937399678,0.0051481601953248,0.8098843659150399,0.1901156272980785,0.0035645736221551,9.857683679754669e-08,0.5,0.0002324299357837,1.0,0.25,0.75,0.0002755200440832
40047,1,3.17,3.53,2.9,38,5.0,11,5.0,5.0,10.1983,0.898017,0,0.0,2.1,6.821829855537717e-05,-0.0005059814232534,0.9549602857377524,0.0450397142622477,0.0031532766657526,5.6756360580405674e-08,1.0,2.9798709715869304e-05,1.0,1.0,0.0,0.0028929604628736
40048,1,73.72,121.37,2.8,230,4.8,3,4.0,1.0,39.260114,0.607399,0,3.0,2.0,0.0283788121990369,0.0468153288276892,0.9701325236736892,0.0298674836352603,0.0030161776802851,3.435253403550869e-07,0.95,5.95974194317386e-06,0.75,0.0,0.75,0.002755200440832
40049,1,33.16,75.59,1.6,61,4.9,19,5.0,2.0,56.131763,0.438682,0,3.0,3.3,0.0121027287319422,0.0284313371161468,0.9789406687192672,0.0210593119642233,0.001370989854675,9.110889461591434e-08,0.975,5.363767748856475e-05,1.0,0.25,0.75,0.0045460807273729
40050,1,17.19,17.75,2.6,4,4.6,19,2.0,2.0,3.15493,0.968451,0,0.0,2.0,0.0056942215088282,0.0052043803534641,0.9512831689028968,0.0487168467591379,0.0027419797093501,5.974353745305859e-09,0.8999999999999999,5.363767748856475e-05,0.25,0.25,0.0,0.002755200440832
40051,1,14.66,102.87,2.0,24,4.5,24,5.0,5.0,85.749004,0.14251,1,0.0,2.5,0.0046789727126805,0.0393862365021423,0.994402877219328,0.0055971248689432,0.0019193857965451,3.584612247183515e-08,0.875,6.853703234649939e-05,1.0,1.0,0.0,0.00344400055104
40052,1,97.3,143.47,4.9,2,4.8,5,2.0,2.0,32.180944,0.678191,0,0.0,0.1,0.0378410914927768,0.0556900823625316,0.966436716810809,0.0335633061601751,0.0058952563751028,2.987176872652929e-09,0.95,1.191948388634772e-05,0.25,0.25,0.0,0.0001377600220416
40053,1,7.65,9.43,4.0,77,4.0,29,5.0,1.0,18.875928,0.811241,0,4.0,0.0,0.0018659711075441,0.0018632966697587,0.9594905960871182,0.0405094185307808,0.0046613655058952,1.150063095971378e-07,0.75,8.343638720443405e-05,1.0,0.0,1.0,0.0
40054,1,26.99,26.99,1.8,129,3.4,40,1.0,2.0,0.0,1.0,0,1.0,1.6,0.0096268057784911,0.0089149107906562,0.9496360814694962,0.0503639185305038,0.00164518782561,1.9267290828611402e-07,0.6,0.0001162149678918,0.0,0.25,0.25,0.0022041603526656
40055,1,8.94,69.69,1.2,18,4.4,19,2.0,2.0,87.171761,0.128282,1,0.0,3.2,0.0023836276083467,0.0260620590231345,0.9951456528674352,0.0048543267719197,0.000822593912805,2.6884591853876372e-08,0.8500000000000001,5.363767748856475e-05,0.25,0.25,0.0,0.0044083207053313
40056,1,10.31,13.06,3.0,59,4.4,25,5.0,5.0,21.056662,0.789433,0,0.0,1.4,0.0029333868378812,0.0033210050557985,0.9606290871366784,0.0393708930247442,0.0032903756512201,8.812171774326141e-08,0.8500000000000001,7.151690331808633e-05,1.0,1.0,0.0,0.0019286403085824
40057,1,37.59,70.43,4.4,221,5.0,1,5.0,2.0,46.627857,0.533721,0,3.0,0.6,0.0138804173354735,0.0263592227161564,0.9739789852141434,0.0260209923369403,0.0052097614477652,3.300830444281487e-07,1.0,0.0,1.0,0.25,0.75,0.0008265601322496
40058,1,19.13,93.43,2.1,36,5.0,27,5.0,2.0,79.524778,0.204752,1,3.0,2.9,0.0064727126805778,0.0355953915533228,0.9911534091083888,0.008846579406119,0.0020564847820126,5.3769183707752744e-08,1.0,7.747664526126018e-05,1.0,0.25,0.75,0.0039950406392065
40059,1,44.48,14.15,2.1,194,3.3,8,5.0,4.0,-214.34629,3.143463,0,1.0,1.2,0.016645264847512,0.0037587191441685,0.8377327807132072,0.1622672245074711,0.0020564847820126,2.8975615664733413e-07,0.575,2.0859096801108512e-05,1.0,0.75,0.25,0.0016531202644992
40060,1,23.74,125.62,1.6,42,2.8,170,5.0,4.0,81.101735,0.188983,1,1.0,1.2,0.008322632423756,0.0485220121997743,0.9919766876146356,0.0080233306577381,0.001370989854675,6.273071432571151e-08,0.4499999999999999,0.0005035981941981,1.0,0.75,0.25,0.0016531202644992
40061,1,19.6,24.47,4.7,3,4.7,2,5.0,5.0,19.901921,0.800981,0,0.0,0.0,0.006661316211878,0.0079029479441492,0.9600262340179304,0.0399737769454939,0.0056210584041678,4.480765308979394e-09,0.925,2.97987097158693e-06,1.0,1.0,0.0,0.0
40062,1,10.52,16.91,2.0,51,4.4,27,1.0,1.0,37.788291,0.622117,0,0.0,2.4,0.0030176565008025,0.0048670594046285,0.9693641322458318,0.0306358630555577,0.0019193857965451,7.61730102526497e-08,0.8500000000000001,7.747664526126018e-05,0.0,0.0,0.0,0.0033062405289984
40063,1,36.2,50.53,2.8,178,4.8,2,5.0,2.0,28.35939,0.716406,0,3.0,2.0,0.013322632423756,0.0183679288092168,0.9644416064376908,0.0355583883416309,0.0030161776802851,2.658587416661107e-07,0.95,2.97987097158693e-06,1.0,0.25,0.75,0.002755200440832
40064,1,30.41,32.73,4.9,2,4.6,4,2.0,1.0,7.088298,0.929117,0,1.0,0.3,0.0109991974317817,0.0112199372743664,0.9533366537674548,0.0466633451884096,0.0058952563751028,2.987176872652929e-09,0.8999999999999999,8.939612914760791e-06,0.25,0.0,0.25,0.0004132800661248
40065,1,12.61,17.08,1.1,208,4.8,6,5.0,2.0,26.17096,0.73829,0,3.0,3.7,0.0038563402889245,0.0049353267395119,0.963299097554173,0.0367008815631141,0.0006854949273375,3.1066639475590465e-07,0.95,1.4899354857934652e-05,1.0,0.25,0.75,0.0050971208155393
40066,1,57.67,102.98,2.9,43,5.0,6,3.0,2.0,43.998835,0.560012,0,1.0,2.1,0.021938202247191,0.0394304094835375,0.9726064574248316,0.0273935608475422,0.0031532766657526,6.4224302762038e-08,1.0,1.4899354857934652e-05,0.5,0.25,0.25,0.0028929604628736
40067,1,10.87,95.12,1.7,47,4.8,30,1.0,2.0,88.57233,0.114277,1,1.0,3.1,0.0031581059390048,0.0362740491765754,0.9958768448747096,0.004123170787325,0.0015080888401425,7.019865650734387e-08,0.95,8.641625817602097e-05,0.0,0.25,0.25,0.0042705606832897
40068,1,9.03,11.28,3.8,88,4.9,4,5.0,5.0,19.946809,0.800532,0,0.0,1.1,0.0024197431781701,0.0026062059023134,0.9600496685983204,0.0399503361002899,0.0043871675349602,1.314357823967289e-07,0.975,8.939612914760791e-06,1.0,1.0,0.0,0.0015153602424576
40069,1,20.47,52.82,3.9,260,4.3,190,5.0,4.0,61.24574,0.387543,0,1.0,0.4,0.0070104333868378,0.0192875299673521,0.981610511552991,0.018389509329722,0.0045242665204277,3.883329934448808e-07,0.825,0.0005631956136299,1.0,0.75,0.25,0.0005510400881664
40070,1,14.67,138.29,3.4,40,3.9,24,5.0,2.0,89.391858,0.106081,1,3.0,0.5,0.004682985553772,0.0536099365113785,0.9963046940726696,0.0036952840004818,0.0038387715930902,5.974353745305858e-08,0.725,6.853703234649939e-05,1.0,0.25,0.75,0.000688800110208
40071,1,64.33,64.33,2.5,42,4.6,39,5.0,5.0,0.0,1.0,0,0.0,2.1,0.0246107544141252,0.0239096301115167,0.9496360814694962,0.0503639185305038,0.0026048807238826,6.273071432571151e-08,0.8999999999999999,0.0001132350969203,1.0,1.0,0.0,0.0028929604628736
40072,1,11.0,126.95,3.2,2,4.1,13,5.0,5.0,91.335171,0.086648,1,0.0,0.9,0.0032102728731942,0.0490561037020974,0.9973192352578826,0.0026807496021505,0.0035645736221551,2.987176872652929e-09,0.7749999999999999,3.5758451659043166e-05,1.0,1.0,0.0,0.0012398401983744
40073,1,10.58,125.9,2.7,9,4.6,16,5.0,1.0,91.596505,0.084035,1,4.0,1.9,0.0030417335473515,0.0486344525160528,0.9974556693300556,0.0025443332802836,0.0028790786948176,1.3442295926938184e-08,0.8999999999999999,4.469806457380396e-05,1.0,0.0,1.0,0.0026174404187904
40074,1,75.23,113.52,1.3,30,3.8,40,5.0,5.0,33.729739,0.662703,0,0.0,2.5,0.0289847512038523,0.0436629842463085,0.967245292843055,0.0327547275175901,0.0009596928982725,4.480765308979394e-08,0.7,0.0001162149678918,1.0,1.0,0.0,0.00344400055104
40075,1,17.59,34.73,2.2,274,4.9,5,4.0,1.0,49.352145,0.506479,0,3.0,2.7,0.0058547351524879,0.0120230823906417,0.975401248316578,0.024598775176474,0.0021935837674801,4.092432315534513e-07,0.975,1.191948388634772e-05,0.75,0.0,0.75,0.0037195205951232
40076,1,83.98,89.28,3.9,239,4.8,2,5.0,2.0,5.93638,0.940636,0,3.0,0.9,0.0324959871589085,0.0339288654370514,0.9527352744461678,0.0472647151124758,0.0045242665204277,3.569676362820251e-07,0.95,2.97987097158693e-06,1.0,0.25,0.75,0.0012398401983744
40077,1,26.53,137.63,3.2,4,4.8,11,5.0,3.0,80.723679,0.192763,1,2.0,1.6,0.0094422150882825,0.0533448986230076,0.991779316742153,0.0082206722944227,0.0035645736221551,5.974353745305859e-09,0.95,2.9798709715869304e-05,1.0,0.5,0.5,0.0022041603526656
40078,1,69.29,77.61,1.1,237,4.1,40,5.0,5.0,10.720268,0.892797,0,0.0,3.0,0.0266011235955056,0.0292425136835849,0.9552327884346228,0.044767194859207,0.0006854949273375,3.539804594093722e-07,0.7749999999999999,0.0001162149678918,1.0,1.0,0.0,0.0041328006612481
40079,1,44.26,246.61,3.5,18,4.5,26,5.0,5.0,82.052634,0.179474,1,0.0,1.0,0.0165569823434991,0.0971082760088506,0.9924731213844288,0.0075268963658772,0.0039758705785577,2.6884591853876372e-08,0.875,7.449677428967326e-05,1.0,1.0,0.0,0.001377600220416
40080,1,31.91,35.94,2.6,192,4.9,5,5.0,5.0,11.213133,0.887869,0,0.0,2.3,0.0116011235955056,0.0125089851859883,0.9554900973916718,0.0445099198365663,0.0027419797093501,2.867689797746812e-07,0.975,1.191948388634772e-05,1.0,1.0,0.0,0.0031684805069568
40081,1,22.48,25.03,3.8,260,4.9,5,5.0,2.0,10.187775,0.898122,0,3.0,1.1,0.0078170144462279,0.0081278285767063,0.9549547909739268,0.0450451959743778,0.0043871675349602,3.883329934448808e-07,0.975,1.191948388634772e-05,1.0,0.25,0.75,0.0015153602424576
40082,1,90.06,103.98,4.3,90,4.4,131,5.0,5.0,13.38719,0.866128,0,0.0,0.1,0.0349357945425361,0.0398319820416752,0.9566251025943852,0.0433748921849366,0.0050726624622977,1.3442295926938188e-07,0.8500000000000001,0.0003873832263063,1.0,1.0,0.0,0.0001377600220416
40083,1,43.33,59.31,3.1,8,3.6,46,5.0,2.0,26.94318,0.730568,0,3.0,0.5,0.0161837881219903,0.0218937358696656,0.9637022487676138,0.0362977407910298,0.0034274746366876,1.1948707490611718e-08,0.65,0.0001340941937214,1.0,0.25,0.75,0.000688800110208
40084,1,18.57,132.91,2.5,50,4.9,14,5.0,3.0,86.028139,0.139719,1,2.0,2.4,0.0062479935794542,0.0514494761485979,0.9945486046207987,0.0054514157398462,0.0026048807238826,7.467942181632323e-08,0.975,3.873832263063009e-05,1.0,0.5,0.5,0.0033062405289984
40085,1,54.94,60.07,3.6,83,4.8,5,5.0,5.0,8.540037,0.9146,0,0.0,1.2,0.0208426966292134,0.0221989310138502,0.9540945599851768,0.0459054593313327,0.0041129695640252,1.2396784021509657e-07,0.95,1.191948388634772e-05,1.0,1.0,0.0,0.0016531202644992
40086,1,24.56,24.56,2.0,147,3.8,41,5.0,5.0,0.0,1.0,0,0.0,1.8,0.0086516853932584,0.0079390894743816,0.9496360814694962,0.0503639185305038,0.0019193857965451,2.195575001399903e-07,0.7,0.0001191948388634,1.0,1.0,0.0,0.0024796803967488
40087,1,13.75,14.98,2.2,8,4.2,15,5.0,5.0,8.210948,0.917891,0,0.0,2.0,0.0043138041733547,0.0040920243674228,0.9539227532077298,0.0460772718515255,0.0021935837674801,1.1948707490611718e-08,0.8,4.1718193602217024e-05,1.0,1.0,0.0,0.002755200440832
40088,1,18.41,19.3,4.6,7,4.9,4,2.0,1.0,4.611399,0.953886,0,1.0,0.3,0.0061837881219903,0.0058268178185775,0.9520435445014164,0.0479564549765158,0.0054839594187003,1.0455119054285253e-08,0.975,8.939612914760791e-06,0.25,0.0,0.25,0.0004132800661248
40089,1,16.89,20.78,3.3,64,3.9,16,5.0,2.0,18.719923,0.812801,0,3.0,0.6,0.0055738362760834,0.0064211452046212,0.95940915089656,0.0405908611109998,0.0037016726076227,9.558965992489374e-08,0.725,4.469806457380396e-05,1.0,0.25,0.75,0.0008265601322496
40090,1,27.92,27.92,2.4,103,3.1,36,5.0,2.0,0.0,1.0,0,3.0,0.7,0.01,0.0092883732697242,0.9496360814694962,0.0503639185305038,0.0024677817384151,1.538396089416259e-07,0.525,0.0001042954840055,1.0,0.25,0.75,0.0009643201542912
40091,1,8.18,44.59,2.2,30,3.7,29,5.0,1.0,81.65508,0.183449,1,4.0,1.5,0.0020786516853932,0.0159825878138791,0.9922655712335544,0.0077344183250892,0.0021935837674801,4.480765308979394e-08,0.675,8.343638720443405e-05,1.0,0.0,1.0,0.002066400330624
40092,1,62.09,137.7,2.9,73,3.5,4,5.0,5.0,54.909223,0.450908,0,0.0,0.6,0.0237118780096308,0.0533730087020773,0.9783024199242608,0.021697592083299,0.0031532766657526,1.0903195585183193e-07,0.625,8.939612914760791e-06,1.0,1.0,0.0,0.0008265601322496
40093,1,44.3,106.17,3.1,94,4.5,46,5.0,4.0,58.274465,0.417255,0,1.0,1.4,0.0165730337078651,0.0407114259439966,0.9800593044854244,0.0199406772422018,0.0034274746366876,1.403973130146877e-07,0.875,0.0001340941937214,1.0,0.75,0.25,0.0019286403085824
40094,1,15.11,18.83,3.4,120,5.0,3,5.0,5.0,19.755709,0.802443,0,0.0,1.6,0.0048595505617977,0.0056380787162528,0.9599499014375522,0.0400501032610582,0.0038387715930902,1.7923061235917577e-07,1.0,5.95974194317386e-06,1.0,1.0,0.0,0.0022041603526656
40095,1,5.44,6.36,2.7,14,4.6,20,5.0,4.0,14.465409,0.855346,0,1.0,1.9,0.0009791332263242,0.0006304689162761,0.9571880060392648,0.0428119986593457,0.0028790786948176,2.0910238108570506e-08,0.8999999999999999,5.661754846015168e-05,1.0,0.75,0.25,0.0026174404187904
40096,1,51.82,96.08,1.7,122,4.8,20,4.0,4.0,46.065779,0.539342,0,0.0,3.1,0.0195906902086677,0.0366595588323876,0.973685542376936,0.0263144466596398,0.0015080888401425,1.8221778923182868e-07,0.95,5.661754846015168e-05,0.75,0.75,0.0,0.0042705606832897
40097,1,38.17,71.79,3.4,269,3.5,35,5.0,1.0,46.831035,0.53169,0,4.0,0.1,0.01411316211878,0.0269053613952236,0.9740850579100648,0.0259149603623089,0.0038387715930902,4.01775289371819e-07,0.625,0.0001013156130339,1.0,0.0,1.0,0.0001377600220416
40098,1,64.22,75.49,4.1,212,5.0,5,5.0,2.0,14.92913,0.850709,0,3.0,0.9,0.0245666131621187,0.028391179860333,0.957430099851712,0.0425699158103228,0.0047984644913627,3.1664074850121054e-07,1.0,1.191948388634772e-05,1.0,0.25,0.75,0.0012398401983744
40099,1,35.42,39.68,1.5,318,4.7,2,5.0,5.0,10.735887,0.892641,0,0.0,3.2,0.0130096308186195,0.0140108665534232,0.9552409426119332,0.0447590506011851,0.0012338908692075,4.749611227518158e-07,0.925,2.97987097158693e-06,1.0,1.0,0.0,0.0044083207053313
40100,1,80.84,110.55,2.6,73,4.9,4,5.0,4.0,26.874717,0.731253,0,1.0,2.3,0.0312359550561797,0.0424703137486396,0.963666506438322,0.0363335024368311,0.0027419797093501,1.0903195585183193e-07,0.975,8.939612914760791e-06,1.0,0.75,0.25,0.0031684805069568
40101,1,21.37,51.13,1.3,70,4.8,13,5.0,4.0,58.204577,0.417954,0,1.0,3.5,0.0073715890850722,0.0186088723440994,0.9800228182094864,0.0199771697829538,0.0009596928982725,1.0455119054285253e-07,0.95,3.5758451659043166e-05,1.0,0.75,0.25,0.0048216007714561
40102,1,27.75,35.38,2.1,39,4.4,26,5.0,2.0,21.565856,0.784341,0,3.0,2.3,0.0099317817014446,0.0122841045534312,0.9608949209391916,0.039105056089824,0.0020564847820126,5.8249949016732126e-08,0.8500000000000001,7.449677428967326e-05,1.0,0.25,0.75,0.0031684805069568
40103,1,14.86,154.51,2.9,47,4.5,14,5.0,2.0,90.3825,0.096175,1,3.0,1.6,0.0047592295345104,0.0601234434043715,0.9968218763839092,0.0031781236160908,0.0031532766657526,7.019865650734387e-08,0.875,3.873832263063009e-05,1.0,0.25,0.75,0.0022041603526656
40104,1,6.27,6.92,2.7,93,4.8,3,5.0,5.0,9.393064,0.906069,0,0.0,2.1,0.0013121990369181,0.0008553495488332,0.9545398979331032,0.0454600832724553,0.0028790786948176,1.389037245783612e-07,0.95,5.95974194317386e-06,1.0,1.0,0.0,0.0028929604628736
40105,1,11.99,14.62,4.8,1,4.6,3,4.0,1.0,17.989056,0.820109,0,3.0,0.2,0.003607544141252,0.0039474582464932,0.959027588753759,0.0409723882752568,0.0057581573896353,1.4935884363264647e-09,0.8999999999999999,5.95974194317386e-06,0.75,0.0,0.75,0.0002755200440832
40106,1,27.99,60.34,1.4,86,3.9,32,5.0,4.0,53.61286,0.463871,0,1.0,2.5,0.0100280898876404,0.0223073556045474,0.977625630516437,0.02237434860085,0.00109679188374,1.2844860552407597e-07,0.725,9.237600011919484e-05,1.0,0.75,0.25,0.00344400055104
40107,1,10.43,105.18,2.2,15,4.0,23,5.0,3.0,90.083666,0.099163,1,2.0,1.8,0.0029815409309791,0.0403138691114404,0.9966658647684143,0.0033341174812796,0.0021935837674801,2.240382654489697e-08,0.75,6.555716137491247e-05,1.0,0.5,0.5,0.0024796803967488
40108,1,32.93,42.86,4.9,4,4.9,5,5.0,1.0,23.168455,0.768315,0,4.0,0.0,0.0120104333868378,0.0152878672883009,0.9617315863085282,0.0382683901984199,0.0058952563751028,5.974353745305859e-09,0.975,1.191948388634772e-05,1.0,0.0,1.0,0.0
40109,1,41.07,34.26,3.3,105,3.2,62,5.0,5.0,-19.877408,1.198774,0,0.0,0.1,0.015276886035313,0.011834343288317,0.9392587263695806,0.0607412694538767,0.0037016726076227,1.568267858142788e-07,0.55,0.0001817721292668,1.0,1.0,0.0,0.0001377600220416
40110,1,14.25,17.51,2.8,27,4.4,15,5.0,2.0,18.617933,0.813821,0,3.0,1.6,0.0045144462279293,0.0051080029395111,0.9593559051994028,0.0406441120288353,0.0030161776802851,4.032688778081455e-08,0.8500000000000001,4.1718193602217024e-05,1.0,0.25,0.75,0.0022041603526656
40111,1,36.24,60.08,1.3,69,4.0,35,5.0,2.0,39.680426,0.603196,0,3.0,2.7,0.0133386837881219,0.0222029467394316,0.9703519550440548,0.0296480585297086,0.0009596928982725,1.0305760210652609e-07,0.75,0.0001013156130339,1.0,0.25,0.75,0.0037195205951232
40112,1,25.97,154.83,1.0,47,3.9,10,3.0,2.0,83.226765,0.167732,1,1.0,2.9,0.0092174959871589,0.0602519466229755,0.9930860973982438,0.0069138843293823,0.00054839594187,7.019865650734387e-08,0.725,2.681883874428237e-05,0.5,0.25,0.25,0.0039950406392065
40114,1,39.07,322.88,1.8,7,4.8,30,5.0,2.0,87.899529,0.121005,1,3.0,3.0,0.0144743178170144,0.1277362150180105,0.995525597122056,0.0044744180179107,0.00164518782561,1.0455119054285253e-08,0.95,8.641625817602097e-05,1.0,0.25,0.75,0.0041328006612481
40115,1,45.64,45.64,2.5,20,3.6,37,5.0,1.0,0.0,1.0,0,4.0,1.1,0.0171107544141252,0.0164042389999237,0.9496360814694962,0.0503639185305038,0.0026048807238826,2.987176872652929e-08,0.65,0.0001072753549771,1.0,0.0,1.0,0.0015153602424576
40116,1,42.99,54.59,2.0,9,3.7,50,5.0,4.0,21.249313,0.787507,0,1.0,1.7,0.0160473515248796,0.0199983133952558,0.9607296640246388,0.039270342762243,0.0019193857965451,1.3442295926938184e-08,0.675,0.0001460136776077,1.0,0.75,0.25,0.0023419203747072
40117,1,46.34,50.31,3.5,131,4.9,1,5.0,5.0,7.891075,0.921089,0,0.0,1.4,0.0173916532905296,0.0182795828464266,0.9537557578073298,0.0462442291409746,0.0039758705785577,1.9566008515876689e-07,0.975,0.0,1.0,1.0,0.0,0.0019286403085824
40118,1,21.94,158.27,2.3,7,3.5,12,5.0,2.0,86.137613,0.138624,1,3.0,1.2,0.0076003210272873,0.0616333562229691,0.9946057574735354,0.0053942493133463,0.0023306827529476,1.0455119054285253e-08,0.625,3.277858068745623e-05,1.0,0.25,0.75,0.0016531202644992
40119,1,29.41,40.61,2.3,159,4.9,2,5.0,1.0,27.579414,0.724206,0,4.0,2.6,0.0105979133226324,0.0143843290324912,0.9640344060662234,0.0359656012427262,0.0023306827529476,2.374805613759079e-07,0.975,2.97987097158693e-06,1.0,0.0,1.0,0.0035817605730816
40120,1,31.73,35.12,2.8,207,4.9,5,5.0,5.0,9.65262,0.903474,0,0.0,2.1,0.0115288924558587,0.0121796956883154,0.9546754037686886,0.0453246066726678,0.0030161776802851,3.091728063195782e-07,0.975,1.191948388634772e-05,1.0,1.0,0.0,0.0028929604628736
40121,1,38.16,115.77,3.0,295,4.3,84,5.0,5.0,67.038093,0.329619,0,0.0,1.3,0.0141091492776886,0.0445665225021182,0.9846345126674751,0.01536548367805,0.0032903756512201,4.406085887163071e-07,0.825,0.0002473292906417,1.0,1.0,0.0,0.0017908802865408
40122,1,25.28,126.3,1.6,237,4.8,54,5.0,5.0,79.984165,0.200158,1,0.0,3.2,0.0089406099518459,0.0487950815393079,0.991393240278896,0.0086067414487303,0.001370989854675,3.539804594093722e-07,0.95,0.0001579331614941,1.0,1.0,0.0,0.0044083207053313
40123,1,38.43,192.68,1.4,28,4.7,3,5.0,2.0,80.055013,0.19945,1,3.0,3.3,0.0142174959871589,0.0754514679484862,0.991430227739943,0.0085697790469386,0.00109679188374,4.182047621714101e-08,0.925,5.95974194317386e-06,1.0,0.25,0.75,0.0045460807273729
40124,1,61.29,192.73,1.8,51,2.8,131,4.0,2.0,68.199035,0.31801,0,2.0,1.0,0.0233908507223113,0.0754715465763931,0.9852406031287873,0.0147594151435865,0.00164518782561,7.61730102526497e-08,0.4499999999999999,0.0003873832263063,0.75,0.25,0.5,0.001377600220416
40125,1,9.28,8.59,1.6,63,4.1,48,5.0,1.0,-8.032596,1.080326,0,4.0,2.5,0.0025200642054574,0.0015259757209231,0.9454425215714368,0.0545574805168343,0.001370989854675,9.409607148856728e-08,0.7749999999999999,0.0001400539356645,1.0,0.0,1.0,0.00344400055104
40126,1,3.23,4.05,3.6,87,4.8,25,5.0,2.0,20.246914,0.797531,0,3.0,1.2,9.229534510433386e-05,-0.0002971636930218,0.960206343762017,0.0397936635469326,0.0041129695640252,1.2994219396040248e-07,0.95,7.151690331808633e-05,1.0,0.25,0.75,0.0016531202644992
40127,1,42.13,78.35,1.7,239,4.4,47,4.0,2.0,46.228462,0.537715,0,2.0,2.7,0.0157022471910112,0.0295396773766067,0.9737704739364088,0.0262295062250139,0.0015080888401425,3.569676362820251e-07,0.8500000000000001,0.0001370740646929,0.75,0.25,0.5,0.0037195205951232
40128,1,23.34,37.04,2.9,239,4.9,3,5.0,5.0,36.987041,0.63013,0,0.0,2.0,0.0081621187800963,0.0129507149999397,0.9689458254035208,0.0310541960012598,0.0031532766657526,3.569676362820251e-07,0.975,5.95974194317386e-06,1.0,1.0,0.0,0.002755200440832
40129,1,27.5,38.02,1.8,57,4.2,23,5.0,2.0,27.669648,0.723304,0,3.0,2.4,0.0098314606741573,0.0133442561069146,0.9640815143340662,0.0359185107251893,0.00164518782561,8.513454087060848e-08,0.8,6.555716137491247e-05,1.0,0.25,0.75,0.0033062405289984
40130,1,84.67,24.53,3.1,131,3.1,19,3.0,2.0,-245.169181,3.451692,0,1.0,0.0,0.0327728731942215,0.0079270422976375,0.8216411411436522,0.1783588687756365,0.0034274746366876,1.9566008515876689e-07,0.525,5.363767748856475e-05,0.5,0.25,0.25,0.0
40131,1,61.73,64.41,4.9,2,4.9,2,5.0,5.0,4.160845,0.958392,0,0.0,0.0,0.023567415730337,0.0239417559161677,0.9518083247559804,0.0481916987370716,0.0058952563751028,2.987176872652929e-09,0.975,2.97987097158693e-06,1.0,1.0,0.0,0.0
40132,1,41.57,64.72,4.5,65,4.1,34,4.0,1.0,35.769468,0.642305,0,3.0,0.4,0.0154775280898876,0.0240662434091903,0.968310169719386,0.0316898135744438,0.0053468604332327,9.70832483612202e-08,0.7749999999999999,9.83357420623687e-05,0.75,0.0,0.75,0.0005510400881664
40133,1,14.5,140.15,2.8,30,4.5,23,5.0,5.0,89.653942,0.103461,1,0.0,1.7,0.0046147672552166,0.0543568614695146,0.9964415196957088,0.0035585022311395,0.0030161776802851,4.480765308979394e-08,0.875,6.555716137491247e-05,1.0,1.0,0.0,0.0023419203747072
40134,1,37.72,50.69,3.7,29,4.8,4,5.0,4.0,25.586901,0.744131,0,1.0,1.1,0.0139325842696629,0.0184321804185189,0.962994179144172,0.0370058213778958,0.0042500685494927,4.331406465346748e-08,0.95,8.939612914760791e-06,1.0,0.75,0.25,0.0015153602424576
40135,1,39.37,141.79,4.1,48,4.0,65,5.0,1.0,72.233585,0.277664,1,4.0,0.1,0.0145947030497592,0.0550154404648603,0.9873469118597024,0.0126530803092802,0.0047984644913627,7.16922449436703e-08,0.75,0.0001907117421815,1.0,0.0,1.0,0.0001377600220416
40136,1,20.07,20.07,2.7,34,4.2,34,5.0,4.0,0.0,1.0,0,1.0,1.5,0.0068499197431781,0.0061360286883435,0.9496360814694962,0.0503639185305038,0.0028790786948176,5.07820068350998e-08,0.8,9.83357420623687e-05,1.0,0.75,0.25,0.002066400330624
40137,1,19.96,25.13,2.2,467,4.1,45,5.0,2.0,20.57302,0.79427,0,3.0,1.9,0.0068057784911717,0.0081679858325201,0.960376593211151,0.0396234172302054,0.0021935837674801,6.97505799764459e-07,0.7749999999999999,0.0001311143227498,1.0,0.25,0.75,0.0026174404187904
40138,1,24.37,29.66,4.2,76,5.0,5,5.0,5.0,17.835469,0.821645,0,0.0,0.8,0.00857544141252,0.0099871095208837,0.9589474059231944,0.0410525778927032,0.0049355634768302,1.1351272116081135e-07,1.0,1.191948388634772e-05,1.0,1.0,0.0,0.0011020801763328
40140,1,8.12,9.01,3.7,98,4.5,26,5.0,5.0,9.877913,0.901221,0,0.0,0.8,0.0020545746388443,0.0016946361953409,0.9547930219944918,0.0452069847923899,0.0042500685494927,1.463716667599936e-07,0.875,7.449677428967326e-05,1.0,1.0,0.0,0.0011020801763328
40141,1,62.76,86.83,4.7,7,4.5,5,5.0,5.0,27.720834,0.722792,0,0.0,0.2,0.0239807383627608,0.0329450126696142,0.9641082368975988,0.0358917808527071,0.0056210584041678,1.0455119054285253e-08,0.875,1.191948388634772e-05,1.0,1.0,0.0,0.0002755200440832
40142,1,52.19,77.07,4.6,4,4.5,4,5.0,1.0,32.282341,0.677177,0,4.0,0.1,0.0197391653290529,0.0290256645021905,0.966489652921748,0.0335103684830327,0.0054839594187003,5.974353745305859e-09,0.875,8.939612914760791e-06,1.0,0.0,1.0,0.0001377600220416
40143,1,16.61,16.61,3.5,70,4.0,17,2.0,1.0,0.0,1.0,0,1.0,0.5,0.0054614767255216,0.0047465876371872,0.9496360814694962,0.0503639185305038,0.0039758705785577,1.0455119054285253e-07,0.75,4.767793554539088e-05,0.25,0.0,0.25,0.000688800110208
40144,1,42.31,26.28,3.7,67,2.1,51,1.0,1.0,-60.996956,1.60997,0,0.0,1.6,0.0157744783306581,0.0086297942743784,0.9177915335070091,0.0822084894639749,0.0042500685494927,1.0007042523387313e-07,0.275,0.0001489935485793,0.0,0.0,0.0,0.0022041603526656
40145,1,44.95,187.73,1.6,34,5.0,13,5.0,5.0,76.056038,0.23944,1,0.0,3.4,0.0168338683788122,0.0734636837857048,0.9893424915717924,0.0106575282667847,0.001370989854675,5.07820068350998e-08,1.0,3.5758451659043166e-05,1.0,1.0,0.0,0.0046838407494145
40146,1,30.41,52.96,2.1,144,4.5,39,5.0,4.0,42.579305,0.574207,0,1.0,2.4,0.0109991974317817,0.0193437501254914,0.9718653664895855,0.0281346361207534,0.0020564847820126,2.150767348310109e-07,0.875,0.0001132350969203,1.0,0.75,0.25,0.0033062405289984
40147,1,2.51,68.47,4.0,158,2.3,136,5.0,1.0,96.334161,0.036658,1,4.0,1.7,-0.0001966292134831,0.0255721405022066,0.9999290470789676,7.093256038748093e-05,0.0046613655058952,2.359869729395815e-07,0.3249999999999999,0.0004022825811642,1.0,0.0,1.0,0.0023419203747072
40148,1,28.02,28.02,3.9,22,4.2,33,5.0,2.0,0.0,1.0,0,3.0,0.3,0.0100401284109149,0.009328530525538,0.9496360814694962,0.0503639185305038,0.0045242665204277,3.285894559918222e-08,0.8,9.535587109078177e-05,1.0,0.25,0.75,0.0004132800661248
40149,1,39.48,57.76,4.7,6,4.7,3,5.0,1.0,31.648199,0.683518,0,4.0,0.0,0.0146388443017656,0.0212712984045522,0.966158587789022,0.0338414116889103,0.0056210584041678,8.961530617958788e-09,0.925,5.95974194317386e-06,1.0,0.0,1.0,0.0
40151,1,11.68,135.8,1.4,26,4.8,18,5.0,5.0,91.399116,0.086009,1,0.0,3.4,0.0034831460674157,0.0526100208416157,0.9973526188847552,0.00264738946833,0.00109679188374,3.883329934448808e-08,0.95,5.0657806516977816e-05,1.0,1.0,0.0,0.0046838407494145
40152,1,9.53,11.33,3.6,75,4.6,28,5.0,5.0,15.887026,0.84113,0,0.0,1.0,0.0026203852327447,0.0026262845302203,0.9579301865300548,0.0420698270437085,0.0041129695640252,1.1201913272448485e-07,0.8999999999999999,8.045651623284712e-05,1.0,1.0,0.0,0.001377600220416
40153,1,55.35,230.76,3.3,28,4.7,13,5.0,3.0,76.014041,0.23986,1,2.0,1.4,0.0210072231139646,0.0907433509623686,0.9893205662894754,0.0106794551153052,0.0037016726076227,4.182047621714101e-08,0.925,3.5758451659043166e-05,1.0,0.5,0.5,0.0019286403085824
40154,1,41.48,51.81,4.5,283,5.0,4,5.0,4.0,19.938236,0.800618,0,1.0,0.5,0.0154414125200642,0.0188819416836331,0.9600451929108832,0.0399548258835583,0.0053468604332327,4.226855274803895e-07,1.0,8.939612914760791e-06,1.0,0.75,0.25,0.000688800110208
40155,1,33.02,170.39,3.0,31,4.3,25,5.0,1.0,80.620928,0.193791,1,4.0,1.3,0.0120465489566613,0.0665004156275976,0.9917256737513832,0.0082743408665158,0.0032903756512201,4.6301241526120406e-08,0.825,7.151690331808633e-05,1.0,0.0,1.0,0.0017908802865408
40156,1,66.87,66.87,2.9,100,3.7,12,5.0,4.0,0.0,1.0,0,1.0,0.8,0.0256300160513643,0.0249296244091863,0.9496360814694962,0.0503639185305038,0.0031532766657526,1.493588436326465e-07,0.675,3.277858068745623e-05,1.0,0.75,0.25,0.0011020801763328
40157,1,34.92,21.29,3.2,10,3.1,5,5.0,2.0,-64.020667,1.640207,0,3.0,0.1,0.0128089887640449,0.0066259472092715,0.9162129512911328,0.0837870659371053,0.0035645736221551,1.4935884363264646e-08,0.525,1.191948388634772e-05,1.0,0.25,0.75,0.0001377600220416
40158,1,42.05,132.74,2.7,52,3.0,83,2.0,2.0,68.321531,0.316785,0,0.0,0.3,0.0156701444622792,0.0513812088137145,0.9853045543487008,0.0146954618354017,0.0028790786948176,7.766659868897616e-08,0.5,0.0002443494196701,0.25,0.25,0.0,0.0004132800661248
40159,1,34.09,39.32,1.3,20,4.9,38,5.0,4.0,13.301119,0.866989,0,1.0,3.6,0.012475922953451,0.0138663004324936,0.956580167694885,0.0434198422244036,0.0009596928982725,2.987176872652929e-08,0.975,0.0001102552259487,1.0,0.75,0.25,0.0049593607934977
40160,1,13.55,16.51,2.8,2,4.3,9,5.0,4.0,17.928528,0.820715,0,1.0,1.5,0.0042335473515248,0.0047064303813734,0.958995989032634,0.0410040255852649,0.0030161776802851,2.987176872652929e-09,0.825,2.383896777269544e-05,1.0,0.75,0.25,0.002066400330624
40161,1,77.1,79.96,4.6,7,4.6,1,5.0,2.0,3.576788,0.964232,0,3.0,0.0,0.0297351524879614,0.0301862091952084,0.9515034073901152,0.0484965863450711,0.0054839594187003,1.0455119054285253e-08,0.8999999999999999,0.0,1.0,0.25,0.75,0.0
40162,1,74.49,141.69,2.6,38,3.5,4,5.0,5.0,47.427483,0.525725,0,0.0,0.9,0.0286878009630818,0.0549752832090466,0.9743964442183116,0.0256035469065354,0.0027419797093501,5.6756360580405674e-08,0.625,8.939612914760791e-06,1.0,1.0,0.0,0.0012398401983744
40163,1,30.54,15.85,2.6,25,2.9,19,5.0,2.0,-92.681388,1.926814,0,3.0,0.3,0.0110513643659711,0.0044413924930025,0.901250111104092,0.0987498951607218,0.0027419797093501,3.733971090816162e-08,0.475,5.363767748856475e-05,1.0,0.25,0.75,0.0004132800661248
40164,1,13.95,21.61,1.1,96,4.4,7,1.0,2.0,35.446553,0.645534,0,1.0,3.3,0.0043940609951845,0.0067544504278755,0.9681415861886716,0.0318583892741408,0.0006854949273375,1.433844898873406e-07,0.8500000000000001,1.7879225829521583e-05,0.0,0.25,0.25,0.0045460807273729
40165,1,58.43,130.92,2.6,79,3.3,49,5.0,2.0,55.369691,0.446303,0,3.0,0.7,0.0222431781701444,0.0506503467579039,0.9785428154500834,0.0214571798513063,0.0027419797093501,1.1799348646979075e-07,0.575,0.0001430338066361,1.0,0.25,0.75,0.0009643201542912
40166,1,59.52,283.95,3.1,10,4.8,9,5.0,2.0,79.038563,0.209614,1,3.0,1.7,0.0226805778491171,0.1121029953297111,0.9908995719023556,0.009100408781135,0.0034274746366876,1.4935884363264646e-08,0.95,2.383896777269544e-05,1.0,0.25,0.75,0.0023419203747072
40167,1,5.74,102.55,3.3,215,2.3,39,3.0,2.0,94.40273,0.055973,1,1.0,1.0,0.001099518459069,0.0392577332835383,0.9989207091036144,0.0010793065584201,0.0037016726076227,3.211215138101899e-07,0.3249999999999999,0.0001132350969203,0.5,0.25,0.25,0.001377600220416
40168,1,22.97,125.06,1.6,48,4.2,9,5.0,2.0,81.632816,0.183672,1,3.0,2.6,0.008013643659711,0.0482971315672172,0.9922539479155672,0.007746060437518,0.001370989854675,7.16922449436703e-08,0.8,2.383896777269544e-05,1.0,0.25,0.75,0.0035817605730816
40169,1,34.09,45.09,4.6,4,5.0,4,5.0,2.0,24.395653,0.756043,0,3.0,0.4,0.012475922953451,0.0161833740929479,0.9623722668954492,0.0376277085673633,0.0054839594187003,5.974353745305859e-09,1.0,8.939612914760791e-06,1.0,0.25,0.75,0.0005510400881664
40170,1,6.17,7.22,2.4,26,4.8,9,5.0,4.0,14.542936,0.854571,0,1.0,2.4,0.0012720706260032,0.0009758213162745,0.9572284803912944,0.0427715384031471,0.0024677817384151,3.883329934448808e-08,0.95,2.383896777269544e-05,1.0,0.75,0.25,0.0033062405289984
40171,1,29.33,31.72,4.8,4,4.9,2,5.0,1.0,7.534678,0.924653,0,4.0,0.1,0.0105658105939004,0.0108143489906473,0.953569694401802,0.0464302941127058,0.0057581573896353,5.974353745305859e-09,0.975,2.97987097158693e-06,1.0,0.0,1.0,0.0001377600220416
40172,1,41.92,41.92,2.2,97,4.7,30,2.0,2.0,0.0,1.0,0,0.0,2.5,0.0156179775280898,0.0149103890836515,0.9496360814694962,0.0503639185305038,0.0021935837674801,1.448780783236671e-07,0.925,8.641625817602097e-05,0.25,0.25,0.0,0.00344400055104
40173,1,70.63,33.62,2.1,158,2.8,45,3.0,2.0,-110.083284,2.100833,0,1.0,0.7,0.0271388443017656,0.0115773368511089,0.892165141162146,0.1078348671909392,0.0020564847820126,2.359869729395815e-07,0.4499999999999999,0.0001311143227498,0.5,0.25,0.25,0.0009643201542912
40174,1,38.72,38.72,2.7,172,3.7,20,1.0,1.0,0.0,1.0,0,0.0,1.0,0.0143338683788121,0.013625356897611,0.9496360814694962,0.0503639185305038,0.0028790786948176,2.56897211048152e-07,0.675,5.661754846015168e-05,0.0,0.0,0.0,0.001377600220416
40175,1,122.05,124.71,2.2,115,4.2,79,5.0,2.0,2.132948,0.978671,0,3.0,2.0,0.0477728731942215,0.048156581171869,0.9507496249861184,0.049250400073137,0.0021935837674801,1.7176267017754345e-07,0.8,0.0002324299357837,1.0,0.25,0.75,0.002755200440832
40176,1,62.99,106.84,1.7,6,4.7,10,2.0,1.0,41.042681,0.589573,0,1.0,3.0,0.0240730337078651,0.0409804795579489,0.9710631445448002,0.0289368455359111,0.0015080888401425,8.961530617958788e-09,0.925,2.681883874428237e-05,0.25,0.0,0.25,0.0041328006612481
40177,1,43.58,54.91,1.1,122,4.7,2,5.0,2.0,20.633764,0.793662,0,3.0,3.6,0.0162841091492776,0.0201268166138598,0.9604083056989254,0.0395916755066329,0.0006854949273375,1.8221778923182868e-07,0.925,2.97987097158693e-06,1.0,0.25,0.75,0.0049593607934977
40178,1,8.53,9.27,3.8,77,4.5,15,5.0,2.0,7.98274,0.920173,0,3.0,0.7,0.0022191011235955,0.0017990450604567,0.9538036131542258,0.046196407728487,0.0043871675349602,1.150063095971378e-07,0.875,4.1718193602217024e-05,1.0,0.25,0.75,0.0009643201542912
40179,1,17.6,24.05,3.6,24,4.9,3,4.0,4.0,26.819127,0.731809,0,0.0,1.3,0.0058587479935794,0.0077342874697314,0.9636374846881016,0.0363625294077297,0.0041129695640252,3.584612247183515e-08,0.975,5.95974194317386e-06,0.75,0.75,0.0,0.0017908802865408
40180,1,72.5,135.22,2.5,36,3.2,7,2.0,1.0,46.383671,0.536163,0,1.0,0.7,0.0278892455858748,0.0523771087578959,0.9738515035609808,0.0261484812990524,0.0026048807238826,5.3769183707752744e-08,0.55,1.7879225829521583e-05,0.25,0.0,0.25,0.0009643201542912
40181,1,28.19,28.19,2.1,4,4.3,8,5.0,1.0,0.0,1.0,0,4.0,2.2,0.0101083467094703,0.0093967978604214,0.9496360814694962,0.0503639185305038,0.0020564847820126,5.974353745305859e-09,0.825,2.0859096801108512e-05,1.0,0.0,1.0,0.0030307204849152
40182,1,54.82,84.61,1.1,22,4.7,19,5.0,1.0,35.208604,0.647914,0,4.0,3.6,0.0207945425361155,0.0320535215905485,0.9680173606725142,0.031982641415757,0.0006854949273375,3.285894559918222e-08,0.925,5.363767748856475e-05,1.0,0.0,1.0,0.0049593607934977
40183,1,37.35,37.35,2.6,43,3.2,45,5.0,5.0,0.0,1.0,0,0.0,0.6,0.0137841091492776,0.0130752024929624,0.9496360814694962,0.0503639185305038,0.0027419797093501,6.4224302762038e-08,0.55,0.0001311143227498,1.0,1.0,0.0,0.0008265601322496
40184,1,26.33,109.35,1.7,21,3.5,28,4.0,5.0,75.921353,0.240786,1,1.0,1.8,0.0093619582664526,0.0419884266788744,0.9892721768671976,0.0107277985956147,0.0015080888401425,3.1365357162855764e-08,0.625,8.045651623284712e-05,0.75,1.0,0.25,0.0024796803967488
40185,1,17.06,31.54,4.1,89,4.8,4,5.0,3.0,45.909956,0.5409,0,2.0,0.7,0.0056420545746388,0.0107420659301825,0.9736041922027212,0.0263957848262945,0.0047984644913627,1.3292937083305537e-07,0.95,8.939612914760791e-06,1.0,0.5,0.5,0.0009643201542912
40186,1,26.11,139.78,3.5,48,4.5,4,5.0,2.0,81.320647,0.186794,1,3.0,1.0,0.0092736757624398,0.0542082796230036,0.9920909745256672,0.0079090500115205,0.0039758705785577,7.16922449436703e-08,0.875,8.939612914760791e-06,1.0,0.25,0.75,0.001377600220416
40187,1,15.9,17.48,3.9,77,4.5,23,5.0,5.0,9.038902,0.909611,0,0.0,0.6,0.0051765650080256,0.0050959557627669,0.9543550013491574,0.0456449996949783,0.0045242665204277,1.150063095971378e-07,0.875,6.555716137491247e-05,1.0,1.0,0.0,0.0008265601322496
40188,1,14.43,14.43,1.9,36,4.6,48,5.0,2.0,0.0,1.0,0,3.0,2.7,0.0045866773675762,0.0038711594604471,0.9496360814694962,0.0503639185305038,0.0017822868110775,5.3769183707752744e-08,0.8999999999999999,0.0001400539356645,1.0,0.25,0.75,0.0037195205951232
40189,1,13.72,13.72,3.1,173,4.2,50,5.0,1.0,0.0,1.0,0,4.0,1.1,0.0043017656500802,0.0035860429441693,0.9496360814694962,0.0503639185305038,0.0034274746366876,2.583907994844784e-07,0.8,0.0001460136776077,1.0,0.0,1.0,0.0015153602424576
40190,1,141.12,219.16,3.6,89,4.2,33,5.0,2.0,35.608688,0.643913,0,3.0,0.6,0.0554253611556982,0.0860851092879717,0.968226231654978,0.031773762080208,0.0041129695640252,1.3292937083305537e-07,0.8,9.535587109078177e-05,1.0,0.25,0.75,0.0008265601322496
40191,1,102.03,71.61,1.9,212,3.8,192,5.0,4.0,-42.480101,1.424801,0,1.0,1.9,0.0397391653290529,0.0268330783347589,0.927458587665612,0.07254141181232,0.0017822868110775,3.1664074850121054e-07,0.7,0.0005691553555731,1.0,0.75,0.25,0.0026174404187904
40192,1,46.27,74.92,1.3,45,4.1,38,5.0,1.0,38.24079,0.617592,0,4.0,2.8,0.0173635634028892,0.0281622835021945,0.9696003674131816,0.0303996273661403,0.0009596928982725,6.721147963469094e-08,0.7749999999999999,0.0001102552259487,1.0,0.0,1.0,0.0038572806171648
40193,1,11.94,11.94,3.5,27,4.2,44,5.0,1.0,0.0,1.0,0,4.0,0.7,0.0035874799357945,0.0028712437906843,0.9496360814694962,0.0503639185305038,0.0039758705785577,4.032688778081455e-08,0.8,0.0001281344517782,1.0,0.0,1.0,0.0009643201542912
40194,1,64.32,134.47,3.3,6,3.0,17,4.0,5.0,52.16777,0.478322,0,1.0,0.3,0.0246067415730337,0.0520759293392926,0.976871195527663,0.0231287888103023,0.0037016726076227,8.961530617958788e-09,0.5,4.767793554539088e-05,0.75,1.0,0.25,0.0004132800661248
40195,1,21.4,21.4,3.0,199,4.4,13,5.0,2.0,0.0,1.0,0,3.0,1.4,0.0073836276083467,0.0066701201906666,0.9496360814694962,0.0503639185305038,0.0032903756512201,2.972240988289665e-07,0.8500000000000001,3.5758451659043166e-05,1.0,0.25,0.75,0.0019286403085824
40196,1,7.25,115.96,1.1,21,4.4,25,2.0,2.0,93.747844,0.062522,1,0.0,3.3,0.0017054574638844,0.0446428212881644,0.9985788141959906,0.0014212087749936,0.0006854949273375,3.1365357162855764e-08,0.8500000000000001,7.151690331808633e-05,0.25,0.25,0.0,0.0045460807273729
40197,1,57.63,108.16,2.9,20,3.8,35,2.0,2.0,46.717825,0.532822,0,0.0,0.9,0.021922150882825,0.0415105553346906,0.9740259546119456,0.0259740584397499,0.0031532766657526,2.987176872652929e-08,0.7,0.0001013156130339,0.25,0.25,0.0,0.0012398401983744
40198,1,27.33,135.36,2.6,40,3.9,2,4.0,1.0,79.809397,0.201906,1,3.0,1.3,0.0097632423756019,0.0524333289160352,0.991301999529795,0.0086979989040014,0.0027419797093501,5.974353745305858e-08,0.725,2.97987097158693e-06,0.75,0.0,0.75,0.0017908802865408
40199,1,15.86,32.47,1.8,10,4.9,11,5.0,2.0,51.154912,0.488451,0,3.0,3.1,0.0051605136436597,0.0111155284092506,0.9763424149576918,0.023657591307122,0.00164518782561,1.4935884363264646e-08,0.975,2.9798709715869304e-05,1.0,0.25,0.75,0.0042705606832897
40200,1,28.07,28.07,2.6,85,3.1,5,5.0,4.0,0.0,1.0,0,1.0,0.5,0.0100601926163723,0.0093486091534448,0.9496360814694962,0.0503639185305038,0.0027419797093501,1.2695501708774949e-07,0.525,1.191948388634772e-05,1.0,0.75,0.25,0.000688800110208
40201,1,20.14,140.8,2.6,40,3.6,24,2.0,2.0,85.696023,0.14304,1,0.0,1.0,0.0068780096308186,0.0546178836323041,0.994375217544055,0.0056247944635048,0.0027419797093501,5.974353745305858e-08,0.65,6.853703234649939e-05,0.25,0.25,0.0,0.001377600220416
40202,1,65.6,78.11,4.9,1,4.7,5,5.0,4.0,16.015875,0.839841,0,1.0,0.2,0.0251203852327447,0.0294432999626537,0.957997454446841,0.0420025325014634,0.0058952563751028,1.4935884363264647e-09,0.925,1.191948388634772e-05,1.0,0.75,0.25,0.0002755200440832
40203,1,26.56,36.13,1.0,76,3.8,36,5.0,3.0,26.487683,0.735123,0,2.0,2.8,0.0094542536115569,0.0125852839720344,0.963464448440934,0.036535542683913,0.00054839594187,1.1351272116081135e-07,0.7,0.0001042954840055,1.0,0.5,0.5,0.0038572806171648
40204,1,54.04,56.98,3.9,286,4.9,5,2.0,1.0,5.159705,0.948403,0,1.0,1.0,0.0204815409309791,0.0209580718092048,0.9523297974205804,0.0476702051897587,0.0045242665204277,4.271662927893689e-07,0.975,1.191948388634772e-05,0.25,0.0,0.25,0.001377600220416
40205,1,34.07,43.78,2.2,104,4.9,4,5.0,5.0,22.179077,0.778209,0,0.0,2.7,0.012467897271268,0.0156573140417876,0.9612150638910156,0.0387849241014245,0.0021935837674801,1.5533319737795233e-07,0.975,8.939612914760791e-06,1.0,1.0,0.0,0.0037195205951232
40206,1,50.25,50.25,2.2,93,3.3,47,5.0,1.0,0.0,1.0,0,4.0,1.1,0.0189606741573033,0.0182554884929383,0.9496360814694962,0.0503639185305038,0.0021935837674801,1.389037245783612e-07,0.575,0.0001370740646929,1.0,0.0,1.0,0.0015153602424576
40207,1,12.32,15.16,2.5,5,4.6,19,5.0,1.0,18.733509,0.812665,0,4.0,2.1,0.0037399678972712,0.0041643074278876,0.9594162437099886,0.0405837609886217,0.0026048807238826,7.467942181632323e-09,0.8999999999999999,5.363767748856475e-05,1.0,0.0,1.0,0.0028929604628736
40208,1,53.95,86.06,2.3,432,5.0,45,2.0,1.0,37.311178,0.626888,0,1.0,2.7,0.0204454253611557,0.0326358017998482,0.9691150469011136,0.0308849416133943,0.0023306827529476,6.452302044930327e-07,1.0,0.0001311143227498,0.25,0.0,0.25,0.0037195205951232
40209,1,36.38,48.54,4.8,6,4.7,4,5.0,4.0,25.051504,0.749485,0,1.0,0.1,0.0133948635634028,0.0175687994185229,0.9627146655985211,0.0372853364897502,0.0057581573896353,8.961530617958788e-09,0.925,8.939612914760791e-06,1.0,0.75,0.25,0.0001377600220416
40210,1,5.37,6.25,2.4,84,4.4,20,5.0,5.0,14.08,0.8592,0,0.0,2.0,0.0009510433386837,0.0005862959348809,0.9569867964020874,0.0430132035979125,0.0024677817384151,1.2546142865142305e-07,0.8500000000000001,5.661754846015168e-05,1.0,1.0,0.0,0.002755200440832
40211,1,12.47,17.65,1.2,82,3.6,10,5.0,4.0,29.348442,0.706516,0,1.0,2.4,0.0038001605136436,0.0051642230976503,0.9649579586610936,0.035042063265755,0.000822593912805,1.224742517787701e-07,0.65,2.681883874428237e-05,1.0,0.75,0.25,0.0033062405289984
40212,1,13.23,97.77,1.4,41,4.3,29,5.0,5.0,86.468242,0.135318,1,0.0,2.9,0.0041051364365971,0.0373382164556402,0.994778368235428,0.0052216536914205,0.00109679188374,6.123712588938507e-08,0.825,8.343638720443405e-05,1.0,1.0,0.0,0.0039950406392065
40213,1,42.97,23.14,3.2,51,3.2,70,5.0,2.0,-85.695765,1.856958,0,3.0,0.0,0.0160393258426966,0.0073688564418261,0.9048970800884354,0.0951029381839384,0.0035645736221551,7.61730102526497e-08,0.55,0.0002056110970394,1.0,0.25,0.75,0.0
40214,1,12.67,13.34,4.3,77,4.0,27,5.0,2.0,5.022489,0.949775,0,3.0,0.3,0.0038804173354735,0.003433445372077,0.9522581613623282,0.0477418328949257,0.0050726624622977,1.150063095971378e-07,0.75,7.747664526126018e-05,1.0,0.25,0.75,0.0004132800661248
40215,1,24.83,54.52,3.2,10,3.6,35,5.0,1.0,54.45708,0.455429,0,4.0,0.4,0.0087600321027287,0.0199702033161861,0.9780663706130558,0.0219336189455877,0.0035645736221551,1.4935884363264646e-08,0.65,0.0001013156130339,1.0,0.0,1.0,0.0005510400881664
40216,1,52.89,67.82,4.8,7,4.9,4,5.0,2.0,22.014155,0.779858,0,3.0,0.1,0.0200200642054574,0.0253111183394171,0.9611289634216894,0.0388710130852587,0.0057581573896353,1.0455119054285253e-08,0.975,8.939612914760791e-06,1.0,0.25,0.75,0.0001377600220416
40217,1,13.4,16.41,3.1,90,4.9,5,5.0,4.0,18.342474,0.816575,0,1.0,1.8,0.0041733547351524,0.0046662731255596,0.9592120969192454,0.0407878895069913,0.0034274746366876,1.3442295926938188e-07,0.975,1.191948388634772e-05,1.0,0.75,0.25,0.0024796803967488
40218,1,23.7,9.17,2.2,41,3.8,186,5.0,2.0,-158.451472,2.584515,0,3.0,1.6,0.00830658105939,0.0017588878046429,0.8669136666029141,0.1330863480149849,0.0021935837674801,6.123712588938507e-08,0.7,0.0005512761297435,1.0,0.25,0.75,0.0022041603526656
40219,1,113.47,40.87,3.4,162,2.3,9,5.0,2.0,-177.636408,2.776364,0,3.0,1.1,0.0443298555377207,0.014488737897607,0.8568978288517771,0.1431021669716803,0.0038387715930902,2.419613266848873e-07,0.3249999999999999,2.383896777269544e-05,1.0,0.25,0.75,0.0015153602424576
40220,1,39.58,51.03,1.2,36,4.5,36,2.0,1.0,22.437782,0.775622,0,1.0,3.3,0.0146789727126805,0.0185687150882857,0.9613501254468846,0.0386498651558946,0.000822593912805,5.3769183707752744e-08,0.875,0.0001042954840055,0.25,0.0,0.25,0.0045460807273729
40221,1,55.45,55.45,3.9,118,4.4,38,5.0,3.0,0.0,1.0,0,2.0,0.5,0.0210473515248796,0.0203436657952542,0.9496360814694962,0.0503639185305038,0.0045242665204277,1.7624343548652282e-07,0.8500000000000001,0.0001102552259487,1.0,0.5,0.5,0.000688800110208
40222,1,21.05,28.14,4.9,2,4.8,2,5.0,3.0,25.195451,0.748045,0,2.0,0.1,0.0072431781701444,0.0093767192325145,0.9627898156952828,0.0372101587233941,0.0058952563751028,2.987176872652929e-09,0.95,2.97987097158693e-06,1.0,0.5,0.5,0.0001377600220416
40223,1,39.33,10.35,3.4,174,3.0,5,5.0,5.0,-280.0,3.8,0,0.0,0.4,0.0145786516853932,0.0022327434232454,0.803457091332737,0.196542908667263,0.0038387715930902,2.598843879208049e-07,0.5,1.191948388634772e-05,1.0,1.0,0.0,0.0005510400881664
40224,1,137.2,49.39,2.8,197,3.2,11,5.0,3.0,-177.789026,2.77789,0,2.0,0.4,0.053852327447833,0.0179101360929399,0.8568181519049318,0.1431818345213048,0.0030161776802851,2.942369219563136e-07,0.55,2.9798709715869304e-05,1.0,0.5,0.5,0.0005510400881664
40225,1,15.55,20.79,4.7,2,4.7,5,5.0,5.0,25.204425,0.747956,0,0.0,0.0,0.0050361155698234,0.0064251609302026,0.9627945007319164,0.037205512319779,0.0056210584041678,2.987176872652929e-09,0.925,1.191948388634772e-05,1.0,1.0,0.0,0.0
40226,1,14.23,17.66,3.4,49,4.2,27,5.0,1.0,19.422424,0.805776,0,4.0,0.8,0.0045064205457463,0.0051682388232317,0.9597759040635246,0.0402241084661031,0.0038387715930902,7.31858333799968e-08,0.8,7.747664526126018e-05,1.0,0.0,1.0,0.0011020801763328
40229,1,25.73,44.42,3.2,10,3.3,15,2.0,2.0,42.075642,0.579244,0,0.0,0.1,0.009121187800963,0.0159143204789957,0.9716024202441956,0.028397601682653,0.0035645736221551,1.4935884363264646e-08,0.575,4.1718193602217024e-05,0.25,0.25,0.0,0.0001377600220416
40230,1,28.51,40.41,3.1,16,4.5,43,5.0,5.0,29.448156,0.705518,0,0.0,1.4,0.010236757624398,0.0143040145208637,0.965010016131888,0.0349899608971277,0.0034274746366876,2.3897414981223442e-08,0.875,0.0001251545808066,1.0,1.0,0.0,0.0019286403085824
40231,1,14.79,152.49,1.2,17,4.4,3,5.0,1.0,90.301003,0.09699,1,4.0,3.2,0.0047311396468699,0.0593122668369334,0.9967793294226264,0.0032206721435771,0.000822593912805,2.53910034175499e-08,0.8500000000000001,5.95974194317386e-06,1.0,0.0,1.0,0.0044083207053313
40232,1,7.11,8.13,4.4,70,4.9,19,5.0,2.0,12.546125,0.874539,0,3.0,0.5,0.0016492776886035,0.0013412523441798,0.9561860096217446,0.043814003429951,0.0052097614477652,1.0455119054285253e-07,0.975,5.363767748856475e-05,1.0,0.25,0.75,0.000688800110208
40235,1,51.91,74.6,1.7,81,3.9,29,2.0,2.0,30.41555,0.695845,0,0.0,2.2,0.0196268057784911,0.0280337802835905,0.9655150614104036,0.0344849646929874,0.0015080888401425,1.2098066334244365e-07,0.725,8.343638720443405e-05,0.25,0.25,0.0,0.0030307204849152
40236,1,39.2,34.38,2.8,5,2.7,39,5.0,5.0,-14.019779,1.140198,0,0.0,0.1,0.0145264847512038,0.0118825319952935,0.9423168059832084,0.0576832049802157,0.0030161776802851,7.467942181632323e-09,0.425,0.0001132350969203,1.0,1.0,0.0,0.0001377600220416
40237,1,19.64,19.64,2.7,50,4.8,17,5.0,5.0,0.0,1.0,0,0.0,2.1,0.0066773675762439,0.0059633524883443,0.9496360814694962,0.0503639185305038,0.0028790786948176,7.467942181632323e-08,0.95,4.767793554539088e-05,1.0,1.0,0.0,0.0028929604628736
40238,1,56.5,62.11,4.9,4,5.0,2,5.0,5.0,9.032362,0.909676,0,0.0,0.1,0.0214686998394863,0.023018139032451,0.954351587025602,0.0456483931358207,0.0058952563751028,5.974353745305859e-09,1.0,2.97987097158693e-06,1.0,1.0,0.0,0.0001377600220416
40239,1,37.71,63.46,1.2,20,4.0,44,5.0,5.0,40.576741,0.594233,0,0.0,2.8,0.0139285714285714,0.0235602619859369,0.9708198922638565,0.0291801291409244,0.000822593912805,2.987176872652929e-08,0.75,0.0001281344517782,1.0,1.0,0.0,0.0038572806171648
40241,1,30.01,157.21,1.7,24,4.2,25,5.0,2.0,80.910884,0.190891,1,3.0,2.5,0.0108386837881219,0.0612076893113432,0.991877050448755,0.0081229411981599,0.0015080888401425,3.584612247183515e-08,0.8,7.151690331808633e-05,1.0,0.25,0.75,0.00344400055104
40242,1,21.71,21.71,2.2,105,4.3,8,5.0,5.0,0.0,1.0,0,0.0,2.1,0.0075080256821829,0.0067946076836893,0.9496360814694962,0.0503639185305038,0.0021935837674801,1.568267858142788e-07,0.825,2.0859096801108512e-05,1.0,1.0,0.0,0.0028929604628736
40243,1,27.54,159.85,2.2,40,4.6,9,5.0,4.0,82.771348,0.172287,1,1.0,2.4,0.0098475120385232,0.0622678408648266,0.99284833883699,0.0071516862222655,0.0021935837674801,5.974353745305858e-08,0.8999999999999999,2.383896777269544e-05,1.0,0.75,0.25,0.0033062405289984
40244,1,11.45,89.77,3.1,98,2.6,169,5.0,1.0,87.245182,0.127548,1,4.0,0.5,0.0033908507223113,0.0341256359905389,0.9951839836089882,0.004816006993791,0.0034274746366876,1.463716667599936e-07,0.4,0.0005006183232266,1.0,0.0,1.0,0.000688800110208
40245,1,16.76,29.68,2.7,173,4.0,137,4.0,2.0,43.530997,0.56469,0,2.0,1.3,0.005521669341894,0.0099951409720465,0.9723622142591616,0.027637784174635,0.0028790786948176,2.583907994844784e-07,0.75,0.0004052624521358,0.75,0.25,0.5,0.0017908802865408
40246,1,34.4,78.23,1.8,30,4.1,14,5.0,5.0,56.0271,0.439729,0,0.0,2.3,0.0126003210272873,0.0294914886696302,0.978886027534822,0.021113972465178,0.00164518782561,4.480765308979394e-08,0.7749999999999999,3.873832263063009e-05,1.0,1.0,0.0,0.0031684805069568
40247,1,73.31,90.05,4.5,155,2.0,57,5.0,2.0,18.589672,0.814103,0,3.0,2.5,0.0282142857142857,0.0342380763068174,0.9593411510406876,0.0406588343414134,0.0053468604332327,2.3150620763060202e-07,0.25,0.0001668727744088,1.0,0.25,0.75,0.00344400055104
40248,1,29.33,30.68,4.7,4,4.9,3,5.0,1.0,4.400261,0.955997,0,4.0,0.2,0.0105658105939004,0.0103967135301842,0.9519333161456324,0.0480666634937224,0.0056210584041678,5.974353745305859e-09,0.975,5.95974194317386e-06,1.0,0.0,1.0,0.0002755200440832
40249,1,5.53,7.07,2.3,99,4.2,22,2.0,2.0,21.782178,0.782178,0,0.0,1.9,0.0010152487961476,0.0009155854325538,0.9610078556945644,0.0389921328199434,0.0023306827529476,1.4786525519632e-07,0.8,6.257729040332554e-05,0.25,0.25,0.0,0.0026174404187904
40250,1,4.33,4.77,3.2,96,4.0,14,2.0,2.0,9.224319,0.907757,0,0.0,0.8,0.0005337078651685,-8.031451162753527e-06,0.9544518015984936,0.0455482083207949,0.0035645736221551,1.433844898873406e-07,0.75,3.873832263063009e-05,0.25,0.25,0.0,0.0011020801763328
40251,1,33.64,40.87,4.8,10,4.5,4,5.0,1.0,17.690237,0.823098,0,4.0,0.3,0.0122953451043338,0.014488737897607,0.9588715849692816,0.0411284343472277,0.0057581573896353,1.4935884363264646e-08,0.875,8.939612914760791e-06,1.0,0.0,1.0,0.0004132800661248
40252,1,66.85,100.51,2.6,19,4.5,6,5.0,1.0,33.489205,0.665108,0,4.0,1.9,0.0256219903691813,0.0384385252649375,0.967119717781578,0.0328802848287611,0.0027419797093501,2.8378180290202837e-08,0.875,1.4899354857934652e-05,1.0,0.0,1.0,0.0026174404187904
40253,1,62.53,29.13,3.0,191,4.0,93,5.0,1.0,-114.658428,2.146584,0,4.0,1.0,0.0238884430176565,0.0097742760650708,0.8897766056991093,0.1102233796829916,0.0032903756512201,2.852753913383548e-07,0.75,0.0002741481293859,1.0,0.0,1.0,0.001377600220416
40254,1,14.99,127.64,3.3,24,4.8,1,3.0,1.0,88.256033,0.11744,1,2.0,1.5,0.0048113964686998,0.0493331887672124,0.9957117163888408,0.0042883008393973,0.0037016726076227,3.584612247183515e-08,0.95,0.0,0.5,0.0,0.5,0.002066400330624
40255,1,45.62,47.43,4.3,161,4.9,4,5.0,2.0,3.81615,0.961838,0,3.0,0.6,0.0171027287319422,0.0171230538789901,0.9516283705881048,0.0483716033085042,0.0050726624622977,2.404677382485608e-07,0.975,8.939612914760791e-06,1.0,0.25,0.75,0.0008265601322496
40256,1,78.48,31.62,2.3,191,2.8,91,2.0,2.0,-148.197343,2.481973,0,0.0,0.5,0.0302889245585874,0.0107741917348336,0.8722670173956,0.1277329601554836,0.0023306827529476,2.852753913383548e-07,0.4499999999999999,0.0002681883874428,0.25,0.25,0.0,0.000688800110208
40257,1,47.63,104.84,2.6,72,4.8,21,5.0,4.0,54.568867,0.454311,0,1.0,2.2,0.0179093097913322,0.0401773344416735,0.9781247310086644,0.0218752517630974,0.0027419797093501,1.0753836741550549e-07,0.95,5.959741943173861e-05,1.0,0.75,0.25,0.0030307204849152
40258,1,60.29,142.43,3.2,35,3.3,13,5.0,5.0,57.670435,0.423296,0,0.0,0.1,0.0229895666131621,0.0552724469020685,0.979743959858952,0.0202560584134218,0.0035645736221551,5.2275595271426266e-08,0.575,3.5758451659043166e-05,1.0,1.0,0.0,0.0001377600220416
40259,1,99.99,42.82,3.5,104,4.3,17,5.0,1.0,-133.512377,2.335124,0,4.0,0.8,0.0389205457463884,0.0152718043859754,0.8799335656101451,0.1200664463974147,0.0039758705785577,1.5533319737795233e-07,0.825,4.767793554539088e-05,1.0,0.0,1.0,0.0011020801763328
40261,1,30.98,39.37,2.2,18,3.9,42,5.0,3.0,21.310643,0.786894,0,2.0,1.7,0.0112279293739967,0.0138863790604005,0.9607616824441568,0.0392383400047594,0.0021935837674801,2.6884591853876372e-08,0.725,0.000122174709835,1.0,0.5,0.5,0.0023419203747072
40262,1,19.8,38.95,2.7,25,4.8,6,5.0,3.0,49.165597,0.508344,0,2.0,2.1,0.0067415730337078,0.0137177185859827,0.975303857608535,0.0246961408252615,0.0028790786948176,3.733971090816162e-08,0.95,1.4899354857934652e-05,1.0,0.5,0.5,0.0028929604628736
40263,1,83.26,83.26,3.0,41,3.8,25,5.0,3.0,0.0,1.0,0,2.0,0.8,0.032207062600321,0.0315113986370627,0.9496360814694962,0.0503639185305038,0.0032903756512201,6.123712588938507e-08,0.7,7.151690331808633e-05,1.0,0.5,0.5,0.0011020801763328
40264,1,22.66,33.05,4.1,283,5.0,5,5.0,1.0,31.437216,0.685628,0,4.0,0.9,0.0078892455858748,0.0113484404929704,0.9660484403537504,0.0339515679993348,0.0047984644913627,4.226855274803895e-07,1.0,1.191948388634772e-05,1.0,0.0,1.0,0.0012398401983744
40265,1,7.74,64.83,1.1,3,4.5,27,5.0,4.0,88.061083,0.119389,1,1.0,3.4,0.0019020866773675,0.0241104163905855,0.995609939266958,0.0043900518578889,0.0006854949273375,4.480765308979394e-09,0.875,7.747664526126018e-05,1.0,0.75,0.25,0.0046838407494145
40266,1,11.8,45.92,2.6,195,4.5,195,4.0,5.0,74.303136,0.256969,1,1.0,1.9,0.0035313001605136,0.0165166793162022,0.9884273578426186,0.011572660951823,0.0027419797093501,2.912497450836606e-07,0.875,0.0005780949684878,0.75,1.0,0.25,0.0026174404187904
40267,1,84.09,94.39,3.7,255,3.5,47,3.0,2.0,10.912173,0.890878,0,1.0,0.2,0.0325401284109149,0.0359809012091349,0.9553329758599876,0.0446670100441812,0.0042500685494927,3.808650512632485e-07,0.625,0.0001370740646929,0.5,0.25,0.25,0.0002755200440832
40268,1,20.02,38.61,2.5,1,4.3,45,4.0,2.0,48.148148,0.518519,0,2.0,1.8,0.0068298555377207,0.0135811839162159,0.9747726802251934,0.025227344834062,0.0026048807238826,1.4935884363264647e-09,0.825,0.0001311143227498,0.75,0.25,0.5,0.0024796803967488
40269,1,36.29,70.84,2.2,119,4.3,23,5.0,2.0,48.77188,0.512281,0,3.0,2.1,0.0133587479935794,0.0265238674649929,0.9750983106318932,0.0249016789267502,0.0021935837674801,1.777370239228493e-07,0.825,6.555716137491247e-05,1.0,0.25,0.75,0.0028929604628736
40270,1,36.57,87.99,1.1,66,3.6,47,5.0,3.0,58.438459,0.415615,0,2.0,2.5,0.0134711075441412,0.0334108368370539,0.980144920475812,0.0198550581194074,0.0006854949273375,9.857683679754669e-08,0.65,0.0001370740646929,1.0,0.5,0.5,0.00344400055104
40271,1,11.4,17.01,4.8,3,4.8,4,5.0,1.0,32.9806,0.670194,0,4.0,0.0,0.0033707865168539,0.0049072166604422,0.966854191477012,0.0331458085229881,0.0057581573896353,4.480765308979394e-09,0.95,8.939612914760791e-06,1.0,0.0,1.0,0.0
40272,1,52.14,32.72,2.4,28,2.9,8,1.0,2.0,-59.352078,1.593521,0,1.0,0.5,0.0197191011235955,0.011215921548785,0.9186502713817885,0.0813497401037036,0.0024677817384151,4.182047621714101e-08,0.475,2.0859096801108512e-05,0.0,0.25,0.25,0.000688800110208
40273,1,21.73,8.8,3.7,34,2.0,10,5.0,1.0,-146.931818,2.469318,0,4.0,1.7,0.0075160513643659,0.001610305958132,0.8729277072759315,0.1270722833268477,0.0042500685494927,5.07820068350998e-08,0.25,2.681883874428237e-05,1.0,0.0,1.0,0.0023419203747072
40274,1,40.2,40.2,2.2,41,3.5,1,5.0,2.0,0.0,1.0,0,3.0,1.3,0.0149277688603531,0.0142196842836547,0.9496360814694962,0.0503639185305038,0.0021935837674801,6.123712588938507e-08,0.625,0.0,1.0,0.25,0.75,0.0017908802865408
40275,1,70.99,19.03,3.1,17,2.3,65,5.0,1.0,-273.042564,3.730426,0,4.0,0.8,0.0272833065810593,0.0057183932278803,0.8070893447913838,0.1929106740030577,0.0034274746366876,2.53910034175499e-08,0.3249999999999999,0.0001907117421815,1.0,0.0,1.0,0.0011020801763328
40276,1,18.22,29.74,1.5,97,4.3,35,5.0,5.0,38.735709,0.612643,0,0.0,2.8,0.006107544141252,0.0100192353255347,0.9698587486975369,0.0301412560010736,0.0012338908692075,1.448780783236671e-07,0.825,0.0001013156130339,1.0,1.0,0.0,0.0038572806171648
40277,1,22.38,145.4,2.3,187,3.2,180,5.0,4.0,84.607978,0.15392,1,1.0,0.9,0.007776886035313,0.0564651173997373,0.9938071842607574,0.0061928042537505,0.0023306827529476,2.793010375930489e-07,0.55,0.000533396903914,1.0,0.75,0.25,0.0012398401983744
40278,1,25.69,33.07,4.8,7,4.9,1,5.0,1.0,22.316299,0.776837,0,4.0,0.1,0.0091051364365971,0.0113564719441332,0.9612867030816746,0.0387132963962575,0.0057581573896353,1.0455119054285253e-08,0.975,0.0,1.0,0.0,1.0,0.0001377600220416
40279,1,110.77,33.08,3.4,129,2.2,81,4.0,1.0,-234.854897,3.348549,0,3.0,1.2,0.0432463884430176,0.0113604876697146,0.8270258969261655,0.172974104640038,0.0038387715930902,1.9267290828611402e-07,0.3,0.0002383896777269,0.75,0.0,0.75,0.0016531202644992
40280,1,64.46,84.94,3.0,74,4.8,41,4.0,2.0,24.111137,0.758889,0,2.0,1.8,0.0246629213483146,0.032186040534734,0.9622237302470286,0.0377762890694809,0.0032903756512201,1.105255442881584e-07,0.95,0.0001191948388634,0.75,0.25,0.5,0.0024796803967488
40281,1,74.36,97.01,4.4,227,4.9,3,5.0,2.0,23.348108,0.766519,0,3.0,0.5,0.0286356340288924,0.0370330213114556,0.9618253773589388,0.0381746268176036,0.0052097614477652,3.390445750461075e-07,0.975,5.95974194317386e-06,1.0,0.25,0.75,0.000688800110208
40282,1,21.58,23.1,3.8,51,4.6,24,5.0,1.0,6.580087,0.934199,0,4.0,0.8,0.0074558587479935,0.0073527935395006,0.9530713331576104,0.0469286600555078,0.0043871675349602,7.61730102526497e-08,0.8999999999999999,6.853703234649939e-05,1.0,0.0,1.0,0.0011020801763328
40283,1,30.49,182.76,2.1,45,4.4,14,5.0,3.0,83.316918,0.166831,1,2.0,2.3,0.0110313001605136,0.0714678681717606,0.9931331633785933,0.0068668460186276,0.0020564847820126,6.721147963469094e-08,0.8500000000000001,3.873832263063009e-05,1.0,0.5,0.5,0.0031684805069568
40284,1,16.22,16.22,2.7,177,3.2,47,5.0,5.0,0.0,1.0,0,0.0,0.5,0.0053049759229534,0.0045899743395135,0.9496360814694962,0.0503639185305038,0.0028790786948176,2.643651532297843e-07,0.55,0.0001370740646929,1.0,1.0,0.0,0.000688800110208
40285,1,73.73,113.18,2.0,237,4.9,4,4.0,5.0,34.855982,0.65144,0,1.0,2.9,0.0283828250401284,0.0435264495765417,0.9678332680730144,0.032166722529765,0.0019193857965451,3.539804594093722e-07,0.975,8.939612914760791e-06,0.75,1.0,0.25,0.0039950406392065
40286,1,5.5,5.72,2.7,33,4.0,5,5.0,2.0,3.846154,0.961538,0,3.0,1.3,0.0010032102728731,0.000373462479068,0.9516440347110336,0.0483559412738467,0.0028790786948176,4.9288418398773336e-08,0.75,1.191948388634772e-05,1.0,0.25,0.75,0.0017908802865408
40287,1,42.37,98.32,1.8,10,4.9,39,2.0,1.0,56.906021,0.43094,0,1.0,3.1,0.015798555377207,0.037559081362616,0.9793448839069292,0.0206551270564952,0.00164518782561,1.4935884363264646e-08,0.975,0.0001132350969203,0.25,0.0,0.25,0.0042705606832897
40288,1,32.93,45.1,1.2,465,4.4,20,2.0,1.0,26.984479,0.730155,0,1.0,3.2,0.0120104333868378,0.0161873898185293,0.9637238096465912,0.0362761793899846,0.000822593912805,6.945186228918061e-07,0.8500000000000001,5.661754846015168e-05,0.25,0.0,0.25,0.0044083207053313
40289,1,19.01,25.23,4.7,4,4.9,5,2.0,2.0,24.653191,0.753468,0,0.0,0.2,0.0064245585874799,0.0082081430883339,0.96250671919817,0.0374932761032197,0.0056210584041678,5.974353745305859e-09,0.975,1.191948388634772e-05,0.25,0.25,0.0,0.0002755200440832
40290,1,6.02,7.88,4.5,10,4.8,2,4.0,5.0,23.604061,0.763959,0,1.0,0.3,0.0012118780096308,0.0012408592046453,0.961959002184162,0.0380409774551928,0.0053468604332327,1.4935884363264646e-08,0.95,2.97987097158693e-06,0.75,1.0,0.25,0.0004132800661248
40291,1,35.68,52.38,4.8,5,4.9,3,2.0,1.0,31.882398,0.681176,0,1.0,0.1,0.0131139646869983,0.0191108380417715,0.966280855550847,0.0337191434050173,0.0057581573896353,7.467942181632323e-09,0.975,5.95974194317386e-06,0.25,0.0,0.25,0.0001377600220416
40292,1,52.78,251.5,2.0,42,4.2,5,5.0,5.0,79.013917,0.209861,1,0.0,2.2,0.019975922953451,0.0990719658181438,0.9908867050188166,0.0091133038563364,0.0019193857965451,6.273071432571151e-08,0.8,1.191948388634772e-05,1.0,1.0,0.0,0.0030307204849152
40293,1,14.46,228.07,2.7,18,3.7,11,5.0,5.0,93.659841,0.063402,1,0.0,1.0,0.0045987158908507,0.0896631207809783,0.9985328706614583,0.0014671507433222,0.0028790786948176,2.6884591853876372e-08,0.675,2.9798709715869304e-05,1.0,1.0,0.0,0.001377600220416
40294,1,61.73,80.53,2.1,98,3.6,13,5.0,2.0,23.345337,0.766547,0,3.0,1.5,0.023567415730337,0.0304151055533469,0.9618239307090044,0.0381760886075049,0.0020564847820126,1.463716667599936e-07,0.65,3.5758451659043166e-05,1.0,0.25,0.75,0.002066400330624
40295,1,13.23,124.76,2.5,32,4.1,26,5.0,2.0,89.39564,0.106044,1,3.0,1.6,0.0041051364365971,0.0481766597997759,0.996306668533172,0.0036933523495407,0.0026048807238826,4.779482996244687e-08,0.7749999999999999,7.449677428967326e-05,1.0,0.25,0.75,0.0022041603526656
40296,1,131.11,114.26,3.7,120,4.8,10,5.0,2.0,-14.747068,1.147471,0,3.0,1.1,0.0514085072231139,0.0439601479393304,0.9419371117990744,0.058062904907096,0.0042500685494927,1.7923061235917577e-07,0.95,2.681883874428237e-05,1.0,0.25,0.75,0.0015153602424576
40297,1,11.54,63.24,3.1,48,4.5,11,5.0,1.0,81.752056,0.182479,1,4.0,1.4,0.0034269662921348,0.0234719160231466,0.9923161992826526,0.0076837777463633,0.0034274746366876,7.16922449436703e-08,0.875,2.9798709715869304e-05,1.0,0.0,1.0,0.0019286403085824
40298,1,15.05,14.59,1.6,376,4.4,12,5.0,4.0,-3.152844,1.031528,0,1.0,2.8,0.0048354735152487,0.0039354110697491,0.947990083069572,0.0520098939594437,0.001370989854675,5.615892520587508e-07,0.8500000000000001,3.277858068745623e-05,1.0,0.75,0.25,0.0038572806171648
50000,1,129.99,49.99,4.8,12,5.0,3,5.0,2.0,-160.032006,2.60032,0,3.0,0.2,0.0509590690208667,0.0181510796278225,0.8660885206600684,0.1339114762075247,0.0057581573896353,1.7923061235917576e-08,1.0,5.95974194317386e-06,1.0,0.25,0.75,0.0002755200440832
50001,1,39.99,129.99,2.1,8,3.2,5,3.0,1.0,69.236095,0.307639,0,2.0,1.1,0.0148434991974317,0.0502768842788359,0.9857820187841844,0.0142179786054764,0.0020564847820126,1.1948707490611718e-08,0.55,1.191948388634772e-05,0.5,0.0,0.5,0.0015153602424576
50002,1,89.99,19.99,3.9,24,4.7,12,5.0,2.0,-350.175088,4.501751,0,3.0,0.8,0.0349077046548956,0.0061039028836925,0.7668209359877434,0.2331790702770704,0.0045242665204277,3.584612247183515e-08,0.925,3.277858068745623e-05,1.0,0.25,0.75,0.0011020801763328
50003,1,19.99,59.99,2.7,7,2.9,4,4.0,1.0,66.67778,0.333222,0,3.0,0.2,0.0068178170144462,0.0221668052091992,0.9844464048443567,0.0155535847142867,0.0028790786948176,1.0455119054285253e-08,0.475,8.939612914760791e-06,0.75,0.0,0.75,0.0002755200440832
50004,1,249.99,89.99,4.2,56,3.5,18,4.0,2.0,-177.797533,2.777975,0,2.0,0.7,0.0991131621187801,0.0342139819533292,0.8568137106739708,0.1431862720977911,0.0049355634768302,8.364095243428202e-08,0.625,5.0657806516977816e-05,0.75,0.25,0.5,0.0009643201542912
50005,1,14.99,29.99,4.7,102,4.9,89,5.0,2.0,50.016672,0.499833,0,3.0,0.2,0.0048113964686998,0.0101196284650692,0.975748176480073,0.0242518089020279,0.0056210584041678,1.523460205052994e-07,0.975,0.0002622286454996,1.0,0.25,0.75,0.0002755200440832
50006,1,79.99,39.99,3.5,14,2.8,7,4.0,2.0,-100.025006,2.00025,0,2.0,0.7,0.0308948635634028,0.0141353540464458,0.8974162444498416,0.1025837524177514,0.0039758705785577,2.0910238108570506e-08,0.4499999999999999,1.7879225829521583e-05,0.75,0.25,0.5,0.0009643201542912
50007,1,59.99,24.99,4.1,32,3.9,15,4.0,2.0,-140.056022,2.40056,0,2.0,0.2,0.0228691813804173,0.0081117656743808,0.8765173391175971,0.1234826493969108,0.0047984644913627,4.779482996244687e-08,0.725,4.1718193602217024e-05,0.75,0.25,0.5,0.0002755200440832
50008,1,49.99,99.99,2.9,21,2.5,9,4.0,2.0,50.005001,0.49995,0,2.0,0.4,0.0188563402889245,0.0382297075347059,0.9757420834265236,0.0242579170955444,0.0031532766657526,3.1365357162855764e-08,0.375,2.383896777269544e-05,0.75,0.25,0.5,0.0005510400881664
50009,1,119.99,29.99,4.6,87,4.8,54,5.0,2.0,-300.100033,4.001,0,3.0,0.2,0.0469462279293739,0.0101196284650692,0.7929635108839672,0.2070364718877947,0.0054839594187003,1.2994219396040246e-07,0.95,0.0001579331614941,1.0,0.25,0.75,0.0002755200440832
50010,1,34.99,14.99,3.2,19,2.7,8,4.0,2.0,-133.422282,2.334223,0,2.0,0.5,0.0128370786516853,0.0040960400930042,0.8799806013105608,0.12001940808666,0.0035645736221551,2.8378180290202834e-08,0.425,2.0859096801108512e-05,0.75,0.25,0.5,0.000688800110208
50011,1,39.99,19.99,4.0,44,3.6,22,4.0,2.0,-100.050025,2.0005,0,2.0,0.4,0.0148434991974317,0.0061039028836925,0.8974031828350051,0.1025968041132994,0.0046613655058952,6.571789119836444e-08,0.65,6.257729040332554e-05,0.75,0.25,0.5,0.0005510400881664
50012,1,24.99,49.99,2.5,11,2.1,6,4.0,2.0,50.010002,0.4999,0,2.0,0.4,0.0088242375601926,0.0181510796278225,0.9757446942877008,0.0242553067564348,0.0026048807238826,1.642947279959111e-08,0.275,1.4899354857934652e-05,0.75,0.25,0.5,0.0005510400881664
50013,1,199.99,79.99,3.8,27,3.3,13,4.0,2.0,-150.018752,2.500188,0,2.0,0.5,0.0790489566613162,0.0301982563719525,0.8713161183661501,0.1286839066931054,0.0043871675349602,4.032688778081455e-08,0.575,3.5758451659043166e-05,0.75,0.25,0.5,0.000688800110208
50014,1,89.99,39.99,4.3,36,4.1,18,4.0,2.0,-125.031258,2.250313,0,2.0,0.2,0.0349077046548956,0.0141353540464458,0.8843612849338941,0.1156387369929544,0.0050726624622977,5.376918370775274e-08,0.7749999999999999,5.0657806516977816e-05,0.75,0.25,0.5,0.0002755200440832
50015,1,14.99,29.99,3.6,17,2.8,8,4.0,2.0,50.016672,0.499833,0,2.0,0.8,0.0048113964686998,0.0101196284650692,0.975748176480073,0.0242518089020279,0.0041129695640252,2.53910034175499e-08,0.4499999999999999,2.0859096801108512e-05,0.75,0.25,0.5,0.0011020801763328
50016,1,49.99,14.99,4.5,22,4.7,11,5.0,2.0,-233.488993,3.33489,0,3.0,0.2,0.0188563402889245,0.0040960400930042,0.8277389914523933,0.1722610122020816,0.0053468604332327,3.285894559918222e-08,0.925,2.9798709715869304e-05,1.0,0.25,0.75,0.0002755200440832
50017,1,59.99,119.99,2.8,13,2.5,7,4.0,2.0,50.004167,0.499958,0,2.0,0.3,0.0228691813804173,0.0462611586974592,0.97574164802196,0.0242583347498019,0.0030161776802851,1.941664967224404e-08,0.375,1.7879225829521583e-05,0.75,0.25,0.5,0.0004132800661248
50018,1,34.99,14.99,4.4,29,4.2,16,4.0,2.0,-133.422282,2.334223,0,2.0,0.2,0.0128370786516853,0.0040960400930042,0.8799806013105608,0.12001940808666,0.0052097614477652,4.331406465346748e-08,0.8,4.469806457380396e-05,0.75,0.25,0.5,0.0002755200440832
50019,1,24.99,49.99,2.9,15,2.3,7,4.0,2.0,50.010002,0.4999,0,2.0,0.6,0.0088242375601926,0.0181510796278225,0.9757446942877008,0.0242553067564348,0.0031532766657526,2.240382654489697e-08,0.3249999999999999,1.7879225829521583e-05,0.75,0.25,0.5,0.0008265601322496
50020,1,149.99,39.99,4.7,53,4.9,31,5.0,2.0,-275.068767,3.750688,0,3.0,0.2,0.0589847512038523,0.0141353540464458,0.8060315294044123,0.1939684878238259,0.0056210584041678,7.916018712530263e-08,0.975,8.939612914760791e-05,1.0,0.25,0.75,0.0002755200440832
50021,1,19.99,39.99,3.3,18,2.7,9,4.0,2.0,50.012503,0.499875,0,2.0,0.6,0.0068178170144462,0.0141353540464458,0.9757459999793234,0.02425400158688,0.0037016726076227,2.688459185387637e-08,0.425,2.383896777269544e-05,0.75,0.25,0.5,0.0008265601322496
50022,1,69.99,29.99,4.2,41,4.0,22,4.0,2.0,-133.377793,2.333778,0,2.0,0.2,0.0268820224719101,0.0101196284650692,0.88000382758589,0.1199961760685847,0.0049355634768302,6.123712588938507e-08,0.75,6.257729040332554e-05,0.75,0.25,0.5,0.0002755200440832
50023,1,39.99,19.99,3.7,23,3.1,11,4.0,2.0,-100.050025,2.0005,0,2.0,0.6,0.0148434991974317,0.0061039028836925,0.8974031828350051,0.1025968041132994,0.0042500685494927,3.4352534035508693e-08,0.525,2.9798709715869304e-05,0.75,0.25,0.5,0.0008265601322496
50024,1,29.99,9.99,4.5,34,4.6,18,5.0,2.0,-200.2002,3.002002,0,3.0,0.1,0.010830658105939,0.0020881773023158,0.845117999108149,0.154882000891851,0.0053468604332327,5.07820068350998e-08,0.8999999999999999,5.0657806516977816e-05,1.0,0.25,0.75,0.0001377600220416
50025,1,24.99,49.99,2.6,12,2.2,6,4.0,2.0,50.010002,0.4999,0,2.0,0.4,0.0088242375601926,0.0181510796278225,0.9757446942877008,0.0242553067564348,0.0027419797093501,1.7923061235917576e-08,0.3,1.4899354857934652e-05,0.75,0.25,0.5,0.0005510400881664
50026,1,49.99,14.99,4.3,27,4.1,13,4.0,2.0,-233.488993,3.33489,0,2.0,0.2,0.0188563402889245,0.0040960400930042,0.8277389914523933,0.1722610122020816,0.0050726624622977,4.032688778081455e-08,0.7749999999999999,3.5758451659043166e-05,0.75,0.25,0.5,0.0002755200440832
50027,1,29.99,59.99,3.1,16,2.6,8,4.0,2.0,50.008335,0.499917,0,2.0,0.5,0.010830658105939,0.0221668052091992,0.9757438240006416,0.024256194271732,0.0034274746366876,2.389741498122344e-08,0.4,2.0859096801108512e-05,0.75,0.25,0.5,0.000688800110208
50028,1,39.99,14.99,4.6,21,4.8,10,5.0,2.0,-166.777852,2.667779,0,3.0,0.2,0.0148434991974317,0.0040960400930042,0.8625667315318609,0.1374332935273946,0.0054839594187003,3.1365357162855764e-08,0.95,2.681883874428237e-05,1.0,0.25,0.75,0.0002755200440832
50029,1,14.99,29.99,3.4,17,2.9,8,4.0,2.0,50.016672,0.499833,0,2.0,0.5,0.0048113964686998,0.0101196284650692,0.975748176480073,0.0242518089020279,0.0038387715930902,2.53910034175499e-08,0.475,2.0859096801108512e-05,0.75,0.25,0.5,0.000688800110208
50030,1,99.99,29.99,4.5,33,4.7,17,5.0,2.0,-233.411137,3.334111,0,3.0,0.2,0.0389205457463884,0.0101196284650692,0.8277796375647363,0.1722203431187542,0.0053468604332327,4.9288418398773336e-08,0.925,4.767793554539088e-05,1.0,0.25,0.75,0.0002755200440832
50031,1,59.99,29.99,4.2,18,4.5,9,5.0,2.0,-100.033344,2.000333,0,3.0,0.3,0.0228691813804173,0.0101196284650692,0.8974118914483424,0.1025880855806734,0.0049355634768302,2.688459185387637e-08,0.875,2.383896777269544e-05,1.0,0.25,0.75,0.0004132800661248
50032,1,19.99,59.99,2.7,7,2.9,4,4.0,2.0,66.67778,0.333222,0,2.0,0.2,0.0068178170144462,0.0221668052091992,0.9844464048443567,0.0155535847142867,0.0028790786948176,1.0455119054285253e-08,0.475,8.939612914760791e-06,0.75,0.25,0.5,0.0002755200440832
50000,1,129.99,39.99,4.9,8,5.0,4,5.0,1.0,-225.056264,3.250563,0,4.0,0.1,0.050959069020866776,0.014135354046445883,0.8321414479142395,0.16785857088020215,0.005895256375102825,1.1948707490611718e-08,1.0,8.939612914760791e-06,1.0,0.0,1.0,0.00013776002204160355
50001,1,49.99,89.99,2.4,15,2.1,8,2.0,1.0,44.449383,0.555506,0,1.0,0.3,0.01885634028892456,0.03421398195332923,0.9728416740378605,0.02715831708698649,0.0024677817384151355,2.240382654489697e-08,0.275,2.0859096801108512e-05,0.25,0.0,0.25,0.00041328006612481057
50002,1,69.99,19.99,4.8,42,4.9,23,5.0,1.0,-250.125063,3.501251,0,4.0,0.1,0.02688202247191011,0.00610390288369254,0.8190538346222345,0.18094618469427493,0.005758157389635317,6.273071432571151e-08,0.9750000000000001,6.555716137491247e-05,1.0,0.0,1.0,0.00013776002204160355
50003,1,39.99,79.99,3.1,19,2.8,11,3.0,1.0,50.006251,0.499937,0,2.0,0.3,0.014843499197431782,0.030198256371952562,0.9757427360113008,0.02425723840737593,0.0034274746366876885,2.837818029020283e-08,0.44999999999999996,2.9798709715869304e-05,0.5,0.0,0.5,0.00041328006612481057
50004,1,149.99,299.99,2.3,9,2.0,5,2.0,1.0,50.001667,0.499983,0,1.0,0.3,0.05898475120385233,0.11854421916223933,0.9757403428524052,0.024259639919356746,0.002330682752947628,1.3442295926938183e-08,0.25,1.191948388634772e-05,0.25,0.0,0.25,0.00041328006612481057
50005,1,34.99,14.99,4.4,67,4.2,38,5.0,2.0,-133.422282,2.334223,0,3.0,0.2,0.012837078651685395,0.004096040093004204,0.8799806013105608,0.12001940808666002,0.005209761447765287,1.0007042523387313e-07,0.8,0.00011025522594871642,1.0,0.25,0.75,0.0002755200440832071
50006,1,199.99,399.99,3.6,24,3.2,14,4.0,1.0,50.00125,0.499987,0,3.0,0.4,0.07904895666131621,0.15870147497600604,0.9757401251501234,0.024259848746485516,0.004112969564025226,3.584612247183515e-08,0.55,3.873832263063009e-05,0.75,0.0,0.75,0.0005510400881664142
50007,1,49.99,24.99,4.6,31,4.8,17,5.0,2.0,-100.040016,2.0004,0,3.0,0.2,0.01885634028892456,0.008111765674380876,0.8974084082118347,0.10259158343508025,0.005483959418700301,4.6301241526120406e-08,0.95,4.767793554539088e-05,1.0,0.25,0.75,0.0002755200440832071
50008,1,9.99,24.99,4.1,156,3.9,89,4.0,2.0,60.02401,0.39976,0,2.0,0.2,0.002804975922953451,0.008111765674380876,0.9809726856329203,0.019027319587758027,0.0047984644913627635,2.329997960669285e-07,0.725,0.00026222864549964986,0.75,0.25,0.5,0.0002755200440832071
50009,1,29.99,59.99,3.4,23,3.0,12,4.0,2.0,50.008335,0.499917,0,2.0,0.4,0.010830658105939004,0.022166805209199225,0.9757438240006416,0.024256194271732097,0.003838771593090211,3.435253403550869e-08,0.5,3.277858068745623e-05,0.75,0.25,0.5,0.0005510400881664142
50010,1,39.99,19.99,4.7,45,4.5,28,5.0,2.0,-100.050025,2.0005,0,3.0,0.2,0.014843499197431782,0.00610390288369254,0.8974031828350051,0.10259680411329943,0.00562105840416781,6.721147963469092e-08,0.875,8.045651623284712e-05,1.0,0.25,0.75,0.0002755200440832071
50011,1,79.99,149.99,2.8,17,2.4,9,3.0,1.0,46.669778,0.533302,0,2.0,0.4,0.03089486356340289,0.05830833544158927,0.974000870819306,0.025999117695201992,0.0030161776802851655,2.53910034175499e-08,0.35,2.383896777269544e-05,0.5,0.0,0.5,0.0005510400881664142
50012,1,34.99,14.99,4.5,58,4.6,33,5.0,2.0,-133.422282,2.334223,0,3.0,0.1,0.012837078651685395,0.004096040093004204,0.8799806013105608,0.12001940808666002,0.005346860433232794,8.662812930693495e-08,0.8999999999999999,9.535587109078177e-05,1.0,0.25,0.75,0.00013776002204160355
50013,1,299.99,599.99,3.2,14,2.7,8,3.0,1.0,50.000833,0.499992,0,2.0,0.5,0.11917736757624399,0.23901598660353948,0.9757399074478417,0.02426010978039647,0.0035645736221551964,2.0910238108570506e-08,0.42500000000000004,2.0859096801108512e-05,0.5,0.0,0.5,0.0006888001102080177
50014,1,149.99,249.99,3.9,21,3.5,12,4.0,1.0,40.0016,0.599984,0,3.0,0.4,0.05898475120385233,0.09846559125535598,0.9705196296546912,0.029480370345308905,0.0045242665204277485,3.136535716285576e-08,0.625,3.277858068745623e-05,0.75,0.0,0.75,0.0005510400881664142
50015,1,29.99,14.99,4.3,37,4.1,21,5.0,2.0,-100.066711,2.000667,0,3.0,0.2,0.010830658105939004,0.004096040093004204,0.8973944716113286,0.10260552264592543,0.0050726624622977785,5.5262772144079196e-08,0.7749999999999999,5.959741943173861e-05,1.0,0.25,0.75,0.0002755200440832071
50016,1,39.99,19.99,4.2,44,3.8,25,4.0,2.0,-100.050025,2.0005,0,2.0,0.4,0.014843499197431782,0.00610390288369254,0.8974031828350051,0.10259680411329943,0.004935563476830272,6.571789119836444e-08,0.7,7.151690331808633e-05,0.75,0.25,0.5,0.0005510400881664142
50017,1,59.99,39.99,3.8,28,3.4,16,5.0,2.0,-50.012503,1.500125,0,3.0,0.4,0.022869181380417335,0.014135354046445883,0.9235261629596689,0.07647383547412767,0.004387167534960241,4.182047621714101e-08,0.6,4.469806457380396e-05,1.0,0.25,0.75,0.0005510400881664142
50018,1,34.99,59.99,4.4,52,4.2,31,5.0,2.0,41.673612,0.583264,0,3.0,0.2,0.012837078651685395,0.022166805209199225,0.9713925333177502,0.028607472947063686,0.005209761447765287,7.766659868897616e-08,0.8,8.939612914760791e-05,1.0,0.25,0.75,0.0002755200440832071
50019,1,19.99,9.99,4.6,89,4.7,56,5.0,1.0,-100.1001,2.001001,0,4.0,0.1,0.0068178170144462275,0.002088177302315869,0.8973770402888225,0.10262295971117746,0.005483959418700301,1.3292937083305535e-07,0.925,0.00016389290343728116,1.0,0.0,1.0,0.00013776002204160355
50020,1,89.99,129.99,3.7,26,3.3,14,4.0,2.0,30.771598,0.692284,0,2.0,0.4,0.03490770465489566,0.05027688427883592,0.9657009426142616,0.03429905634160279,0.004250068549492734,3.883329934448808e-08,0.575,3.873832263063009e-05,0.75,0.25,0.5,0.0005510400881664142
50021,1,24.99,49.99,3.5,33,2.9,18,3.0,2.0,50.010002,0.4999,0,1.0,0.6,0.008824237560192615,0.018151079627822555,0.9757446942877008,0.024255306756434836,0.0039758705785577185,4.9288418398773336e-08,0.475,5.0657806516977816e-05,0.5,0.25,0.25,0.0008265601322496211
50022,1,79.99,39.99,4.5,31,4.3,17,5.0,2.0,-100.025006,2.00025,0,3.0,0.2,0.03089486356340289,0.014135354046445883,0.8974162444498416,0.10258375241775149,0.005346860433232794,4.6301241526120406e-08,0.825,4.767793554539088e-05,1.0,0.25,0.75,0.0002755200440832071
50023,1,39.99,69.99,3.9,47,3.7,28,4.0,2.0,42.863266,0.571367,0,2.0,0.2,0.014843499197431782,0.026182530790575892,0.9720136133903651,0.027986368859329033,0.0045242665204277485,7.019865650734385e-08,0.675,8.045651623284712e-05,0.75,0.25,0.5,0.0002755200440832071
50024,1,19.99,34.99,4.2,38,4.0,22,5.0,2.0,42.869391,0.571306,0,3.0,0.2,0.0068178170144462275,0.012127491255757548,0.9720168110557743,0.027983184245615342,0.004935563476830272,5.675636058040566e-08,0.75,6.257729040332554e-05,1.0,0.25,0.75,0.0002755200440832071
50025,1,129.99,249.99,2.9,16,2.5,9,3.0,1.0,48.00192,0.519981,0,2.0,0.4,0.050959069020866776,0.09846559125535598,0.97469633929173,0.02530367114962636,0.0031532766657526735,2.3897414981223436e-08,0.375,2.383896777269544e-05,0.5,0.0,0.5,0.0005510400881664142
50026,1,199.99,349.99,3.6,22,3.2,13,4.0,1.0,42.858367,0.571416,0,3.0,0.4,0.07904895666131621,0.13862284706912267,0.9720110557801055,0.02798892699165643,0.004112969564025226,3.285894559918222e-08,0.55,3.5758451659043166e-05,0.75,0.0,0.75,0.0005510400881664142
50027,1,24.99,14.99,4.1,78,3.9,45,5.0,2.0,-66.711141,1.667111,0,3.0,0.2,0.008824237560192615,0.004096040093004204,0.9148083413900285,0.08519163720519085,0.0047984644913627635,1.1649989803346425e-07,0.725,0.00013111432274982493,1.0,0.25,0.75,0.0002755200440832071
50028,1,69.99,119.99,4.3,67,4.1,39,5.0,2.0,41.670139,0.583299,0,3.0,0.2,0.02688202247191011,0.04626115869745925,0.9713907201762048,0.028609300184440398,0.0050726624622977785,1.0007042523387313e-07,0.7749999999999999,0.00011323509692030335,1.0,0.25,0.75,0.0002755200440832071
50029,1,29.99,49.99,3.8,41,3.5,24,4.0,2.0,40.008002,0.59992,0,2.0,0.3,0.010830658105939004,0.018151079627822555,0.9705229719328871,0.029477029111248637,0.004387167534960241,6.123712588938506e-08,0.625,6.853703234649939e-05,0.75,0.25,0.5,0.00041328006612481057
50030,1,14.99,29.99,3.4,29,2.8,16,4.0,1.0,50.016672,0.499833,0,3.0,0.6,0.004811396468699839,0.010119628465069211,0.975748176480073,0.024251808902027994,0.003838771593090211,4.3314064653467476e-08,0.44999999999999996,4.469806457380396e-05,0.75,0.0,0.75,0.0008265601322496211
50031,1,89.99,149.99,4.4,53,4.2,31,5.0,2.0,40.002667,0.599973,0,3.0,0.2,0.03490770465489566,0.05830833544158927,0.9705201867010571,0.029479796070704795,0.005209761447765287,7.916018712530263e-08,0.8,8.939612914760791e-05,1.0,0.25,0.75,0.0002755200440832071
50032,1,49.99,29.99,4.5,62,4.3,36,5.0,2.0,-66.688896,1.666889,0,3.0,0.2,0.01885634028892456,0.010119628465069211,0.914819954788727,0.08518004729954429,0.005346860433232794,9.260248305224081e-08,0.825,0.00010429548400554256,1.0,0.25,0.75,0.0002755200440832071
50033,1,34.99,19.99,4.3,48,4.4,27,5.0,2.0,-75.037519,1.750375,0,3.0,0.1,0.012837078651685395,0.00610390288369254,0.9104614073631109,0.08953858271760053,0.0050726624622977785,7.16922449436703e-08,0.8500000000000001,7.747664526126018e-05,1.0,0.25,0.75,0.00013776002204160355
50034,1,29.99,14.99,4.4,55,4.1,32,5.0,2.0,-100.066711,2.000667,0,3.0,0.3,0.010830658105939004,0.004096040093004204,0.8973944716113286,0.10260552264592543,0.005209761447765287,8.214736399795556e-08,0.7749999999999999,9.237600011919484e-05,1.0,0.25,0.75,0.00041328006612481057
50035,1,24.99,44.99,4.0,63,3.8,37,4.0,2.0,44.454323,0.555457,0,2.0,0.2,0.008824237560192615,0.016143216837134218,0.9728442530529008,0.027155758954659093,0.004661365505895256,9.409607148856727e-08,0.7,0.0001072753549771295,0.75,0.25,0.5,0.0002755200440832071
50036,1,29.99,12.99,4.5,71,4.4,43,5.0,2.0,-130.8699,2.308699,0,3.0,0.1,0.010830658105939004,0.00329289497672887,0.881313117822001,0.11868688217799907,0.005346860433232794,1.0604477897917899e-07,0.8500000000000001,0.00012515458080665108,1.0,0.25,0.75,0.00013776002204160355
50037,1,59.99,99.99,4.1,54,3.9,31,5.0,2.0,40.004,0.59996,0,3.0,0.2,0.022869181380417335,0.038229707534705906,0.9705208826174637,0.029479117382536307,0.0047984644913627635,8.065377556162909e-08,0.725,8.939612914760791e-05,1.0,0.25,0.75,0.0002755200440832071
50038,1,24.99,14.99,4.6,44,4.5,26,5.0,2.0,-66.711141,1.667111,0,3.0,0.1,0.008824237560192615,0.004096040093004204,0.9148083413900285,0.08519163720519085,0.005483959418700301,6.571789119836444e-08,0.875,7.449677428967326e-05,1.0,0.25,0.75,0.00013776002204160355
50039,1,34.99,59.99,3.7,36,3.4,20,4.0,2.0,41.673612,0.583264,0,2.0,0.3,0.012837078651685395,0.022166805209199225,0.9713925333177502,0.028607472947063686,0.004250068549492734,5.376918370775273e-08,0.6,5.6617548460151674e-05,0.75,0.25,0.5,0.00041328006612481057
50040,1,19.99,34.99,4.2,59,4.0,35,5.0,2.0,42.869391,0.571306,0,3.0,0.2,0.0068178170144462275,0.012127491255757548,0.9720168110557743,0.027983184245615342,0.004935563476830272,8.812171774326141e-08,0.75,0.00010131561303395563,1.0,0.25,0.75,0.0002755200440832071
50041,1,34.99,19.99,4.4,47,4.2,28,5.0,2.0,-75.037519,1.750375,0,3.0,0.2,0.012837078651685395,0.00610390288369254,0.9104614073631109,0.08953858271760053,0.005209761447765287,7.019865650734385e-08,0.8,8.045651623284712e-05,1.0,0.25,0.75,0.0002755200440832071
50042,1,39.99,19.99,4.3,38,4.1,22,4.0,2.0,-100.050025,2.0005,0,2.0,0.2,0.014843499197431782,0.00610390288369254,0.8974031828350051,0.10259680411329943,0.0050726624622977785,5.675636058040566e-08,0.7749999999999999,6.257729040332554e-05,0.75,0.25,0.5,0.0002755200440832071
50043,1,39.99,69.99,3.9,52,3.6,30,4.0,2.0,42.863266,0.571367,0,2.0,0.3,0.014843499197431782,0.026182530790575892,0.9720136133903651,0.027986368859329033,0.0045242665204277485,7.766659868897616e-08,0.65,8.641625817602097e-05,0.75,0.25,0.5,0.00041328006612481057
50044,1,79.99,129.99,4.1,34,3.8,19,5.0,2.0,38.464497,0.615355,0,3.0,0.3,0.03089486356340289,0.05027688427883592,0.969717157639419,0.03028284079437752,0.0047984644913627635,5.07820068350998e-08,0.7,5.363767748856475e-05,1.0,0.25,0.75,0.00041328006612481057
50045,1,249.99,399.99,4.0,25,3.7,14,4.0,2.0,37.500938,0.624991,0,2.0,0.3,0.0991131621187801,0.15870147497600604,0.9692141144910005,0.03078590534757674,0.004661365505895256,3.733971090816162e-08,0.675,3.873832263063009e-05,0.75,0.25,0.5,0.00041328006612481057
50046,1,149.99,249.99,3.8,41,3.5,24,4.0,2.0,40.0016,0.599984,0,2.0,0.3,0.05898475120385233,0.09846559125535598,0.9705196296546912,0.029480370345308905,0.004387167534960241,6.123712588938506e-08,0.625,6.853703234649939e-05,0.75,0.25,0.5,0.00041328006612481057
50047,1,79.99,129.99,4.2,37,3.9,21,5.0,2.0,38.464497,0.615355,0,3.0,0.3,0.03089486356340289,0.05027688427883592,0.969717157639419,0.03028284079437752,0.004935563476830272,5.5262772144079196e-08,0.725,5.959741943173861e-05,1.0,0.25,0.75,0.00041328006612481057
50048,1,29.99,49.99,4.5,56,4.3,33,5.0,2.0,40.008002,0.59992,0,3.0,0.2,0.010830658105939004,0.018151079627822555,0.9705229719328871,0.029477029111248637,0.005346860433232794,8.364095243428202e-08,0.825,9.535587109078177e-05,1.0,0.25,0.75,0.0002755200440832071
50049,1,99.99,149.99,3.7,28,3.3,16,4.0,2.0,33.335556,0.666644,0,2.0,0.4,0.03892054574638844,0.05830833544158927,0.9670395025828082,0.03296047444620761,0.004250068549492734,4.182047621714101e-08,0.575,4.469806457380396e-05,0.75,0.25,0.5,0.0005510400881664142
50050,1,39.99,24.99,4.4,82,4.2,49,5.0,2.0,-60.02401,1.60024,0,3.0,0.2,0.014843499197431782,0.008111765674380876,0.9182994773060721,0.0817005174732497,0.005209761447765287,1.224742517787701e-07,0.8,0.00014303380663617266,1.0,0.25,0.75,0.0002755200440832071
50051,1,29.99,49.99,4.1,63,3.8,37,4.0,2.0,40.008002,0.59992,0,2.0,0.3,0.010830658105939004,0.018151079627822555,0.9705229719328871,0.029477029111248637,0.0047984644913627635,9.409607148856727e-08,0.7,0.0001072753549771295,0.75,0.25,0.5,0.00041328006612481057
50052,1,24.99,14.99,4.6,74,4.4,45,5.0,2.0,-66.711141,1.667111,0,3.0,0.2,0.008824237560192615,0.004096040093004204,0.9148083413900285,0.08519163720519085,0.005483959418700301,1.1052554428815839e-07,0.8500000000000001,0.00013111432274982493,1.0,0.25,0.75,0.0002755200440832071
50053,1,39.99,24.99,4.7,91,4.6,55,5.0,2.0,-60.02401,1.60024,0,3.0,0.1,0.014843499197431782,0.008111765674380876,0.9182994773060721,0.0817005174732497,0.00562105840416781,1.359165477057083e-07,0.8999999999999999,0.00016091303246569425,1.0,0.25,0.75,0.00013776002204160355
50054,1,59.99,89.99,4.0,34,3.6,19,5.0,2.0,33.337037,0.66663,0,3.0,0.4,0.022869181380417335,0.03421398195332923,0.9670402757652525,0.03295974355125692,0.004661365505895256,5.07820068350998e-08,0.65,5.363767748856475e-05,1.0,0.25,0.75,0.0005510400881664142
50055,1,34.99,54.99,4.3,46,4.0,27,5.0,2.0,36.370249,0.636298,0,3.0,0.3,0.012837078651685395,0.02015894241851089,0.9686238181475051,0.03137620743381829,0.0050726624622977785,6.870506807101737e-08,0.75,7.747664526126018e-05,1.0,0.25,0.75,0.00041328006612481057
50056,1,49.99,79.99,4.2,38,3.9,22,4.0,2.0,37.504688,0.624953,0,2.0,0.3,0.01885634028892456,0.030198256371952562,0.9692160722453327,0.030783921489853455,0.004935563476830272,5.675636058040566e-08,0.725,6.257729040332554e-05,0.75,0.25,0.5,0.00041328006612481057
50057,1,149.99,249.99,3.6,29,3.2,17,4.0,2.0,40.0016,0.599984,0,2.0,0.4,0.05898475120385233,0.09846559125535598,0.9705196296546912,0.029480370345308905,0.004112969564025226,4.3314064653467476e-08,0.55,4.767793554539088e-05,0.75,0.25,0.5,0.0005510400881664142
50058,1,24.99,14.99,4.5,67,4.3,41,5.0,2.0,-66.711141,1.667111,0,3.0,0.2,0.008824237560192615,0.004096040093004204,0.9148083413900285,0.08519163720519085,0.005346860433232794,1.0007042523387313e-07,0.825,0.00011919483886347721,1.0,0.25,0.75,0.0002755200440832071
50059,1,49.99,79.99,4.1,43,3.7,25,5.0,2.0,37.504688,0.624953,0,3.0,0.4,0.01885634028892456,0.030198256371952562,0.9692160722453327,0.030783921489853455,0.0047984644913627635,6.422430276203799e-08,0.675,7.151690331808633e-05,1.0,0.25,0.75,0.0005510400881664142
50060,1,199.99,299.99,3.9,26,3.5,15,4.0,2.0,33.334444,0.666656,0,2.0,0.4,0.07904895666131621,0.11854421916223933,0.9670389220433904,0.03296110092759391,0.0045242665204277485,3.883329934448808e-08,0.625,4.1718193602217024e-05,0.75,0.25,0.5,0.0005510400881664142
50061,1,49.99,29.99,4.4,58,4.1,34,5.0,2.0,-66.688896,1.666889,0,3.0,0.3,0.01885634028892456,0.010119628465069211,0.914819954788727,0.08518004729954429,0.005209761447765287,8.662812930693495e-08,0.7749999999999999,9.83357420623687e-05,1.0,0.25,0.75,0.00041328006612481057
50062,1,79.99,129.99,4.3,71,4.0,43,5.0,2.0,38.464497,0.615355,0,3.0,0.3,0.03089486356340289,0.05027688427883592,0.969717157639419,0.03028284079437752,0.0050726624622977785,1.0604477897917899e-07,0.75,0.00012515458080665108,1.0,0.25,0.75,0.00041328006612481057
50063,1,249.99,399.99,3.5,23,3.1,13,4.0,2.0,37.500938,0.624991,0,2.0,0.4,0.0991131621187801,0.15870147497600604,0.9692141144910005,0.03078590534757674,0.0039758705785577185,3.435253403550869e-08,0.525,3.5758451659043166e-05,0.75,0.25,0.5,0.0005510400881664142
50064,1,29.99,19.99,4.6,84,4.5,52,5.0,2.0,-50.025013,1.50025,0,3.0,0.1,0.010830658105939004,0.00610390288369254,0.9235196318912168,0.07648036132190164,0.005483959418700301,1.2546142865142303e-07,0.875,0.00015197341955093345,1.0,0.25,0.75,0.00013776002204160355
50065,1,24.99,14.99,4.3,69,4.1,42,5.0,2.0,-66.711141,1.667111,0,3.0,0.2,0.008824237560192615,0.004096040093004204,0.9148083413900285,0.08519163720519085,0.0050726624622977785,1.0305760210652606e-07,0.7749999999999999,0.00012217470983506414,1.0,0.25,0.75,0.0002755200440832071
50066,1,29.99,19.99,4.2,77,3.9,46,5.0,2.0,-50.025013,1.50025,0,3.0,0.3,0.010830658105939004,0.00610390288369254,0.9235196318912168,0.07648036132190164,0.004935563476830272,1.1500630959713778e-07,0.725,0.00013409419372141187,1.0,0.25,0.75,0.00041328006612481057
50067,1,69.99,99.99,4.4,51,4.1,30,5.0,2.0,30.003,0.69997,0,3.0,0.3,0.02688202247191011,0.038229707534705906,0.9652996823304718,0.03470031766952819,0.005209761447765287,7.61730102526497e-08,0.7749999999999999,8.641625817602097e-05,1.0,0.25,0.75,0.00041328006612481057
50068,1,29.99,14.99,4.5,93,4.3,57,5.0,2.0,-100.066711,2.000667,0,3.0,0.2,0.010830658105939004,0.004096040093004204,0.8973944716113286,0.10260552264592543,0.005346860433232794,1.389037245783612e-07,0.825,0.0001668727744088681,1.0,0.25,0.75,0.0002755200440832071
