product_id,fraud_label,listed_price,original_price,seller_rating,rating_count,item_rating,item_rating_count,review1_rating,review2_rating,price_deviation,price_ratio,abnormal_discount,review_rating_diff,seller_item_rating_gap,listed_price_scaled,original_price_scaled,price_deviation_scaled,price_ratio_scaled,seller_rating_scaled,rating_count_scaled,item_rating_scaled,item_rating_count_scaled,review1_rating_scaled,review2_rating_scaled,review_rating_diff_scaled,seller_item_rating_gap_scaled
40000,1,13.44,152.5,1.0,11,4.5,11,5.0,2.0,91.186885,0.088131,1,3.0,3.5,0.004189406099518459,0.05931628256251481,0.9972418199088419,0.00275817226014084,0.0005483959418700302,1.642947279959111e-08,0.875,2.9798709715869304e-05,1.0,0.25,0.75,0.0048216007714561235
40001,1,44.01,52.34,4.8,10,4.9,3,5.0,2.0,15.91517,0.840848,0,3.0,0.1,0.016456661316211877,0.01909477513944607,0.9579448796068349,0.042055104731130465,0.005758157389635317,1.4935884363264646e-08,0.9750000000000001,5.95974194317386e-06,1.0,0.25,0.75,0.00013776002204160355
40002,1,51.71,55.92,4.7,5,4.9,1,2.0,2.0,7.528612,0.924714,0,0.0,0.2,0.019546548956661317,0.020532404897578918,0.9535665275383943,0.04643347872641956,0.00562105840416781,7.467942181632323e-09,0.9750000000000001,0.0,0.25,0.25,0.0,0.0002755200440832071
40003,1,51.36,88.91,1.3,36,4.8,27,4.0,1.0,42.233719,0.577663,0,3.0,3.5,0.01940609951845907,0.033780283590540555,0.9716849471592807,0.02831506276000798,0.0009596928982725529,5.376918370775273e-08,0.95,7.747664526126018e-05,0.75,0.0,0.75,0.0048216007714561235
40004,1,21.57,32.36,1.5,90,4.5,7,5.0,2.0,33.343634,0.666564,0,3.0,3.0,0.007451845906902087,0.011071355427855482,0.9670437198466737,0.032956297903632276,0.001233890869207568,1.3442295926938183e-07,0.875,1.7879225829521583e-05,1.0,0.25,0.75,0.004132800661248106
40005,1,92.55,34.66,2.5,146,3.7,6,5.0,2.0,-167.022504,2.670225,0,3.0,1.2,0.03593499197431781,0.011994972311572115,0.8624390065950932,0.1375609913166355,0.002604880723882643,2.1806391170366384e-07,0.675,1.4899354857934652e-05,1.0,0.25,0.75,0.0016531202644992423
40006,1,81.08,78.46,1.8,153,4.5,130,5.0,2.0,-3.339281,1.033393,0,3.0,2.7,0.0313322632423756,0.02958385035800193,0.9478927503110574,0.05210725960823129,0.0016451878256100907,2.285190307579491e-07,0.875,0.00038440335533471403,1.0,0.25,0.75,0.0037195205951232957
40007,1,16.39,117.03,1.7,39,4.1,7,5.0,4.0,85.995044,0.14005,1,1.0,2.4,0.005373194221508828,0.04507250392537175,0.9945313267862325,0.005468696184751698,0.0015080888401425832,5.8249949016732126e-08,0.7749999999999999,1.7879225829521583e-05,1.0,0.75,0.25,0.0033062405289984846
40008,1,75.08,36.18,2.4,23,3.4,12,5.0,4.0,-107.517966,2.07518,0,1.0,1.0,0.028924558587479936,0.012605362599941371,0.8935044111429304,0.10649560660737556,0.0024677817384151355,3.435253403550869e-08,0.6,3.277858068745623e-05,1.0,0.75,0.25,0.0013776002204160353
40009,1,5.57,88.52,2.4,31,3.9,16,5.0,5.0,93.707637,0.062924,1,0.0,1.5,0.0010313001605136438,0.033623670292866864,0.9985578234150747,0.0014421959014346648,0.0024677817384151355,4.6301241526120406e-08,0.725,4.469806457380396e-05,1.0,1.0,0.0,0.002066400330624053
40010,1,17.66,196.51,1.3,13,3.8,15,4.0,1.0,91.01318,0.089868,1,3.0,2.5,0.005882825040128411,0.07698949084615353,0.9971511341178357,0.0028488554408078225,0.0009596928982725529,1.941664967224404e-08,0.7,4.1718193602217024e-05,0.75,0.0,0.75,0.003444000551040088
40011,1,122.59,33.48,3.8,47,2.8,54,5.0,2.0,-266.158901,3.661589,0,3.0,1.0,0.04798956661316212,0.011521116692969667,0.8106830837406045,0.1893169157373277,0.004387167534960241,7.019865650734385e-08,0.44999999999999996,0.0001579331614941073,1.0,0.25,0.75,0.0013776002204160353
40012,1,6.34,9.52,1.8,456,4.5,5,5.0,1.0,33.403361,0.665966,0,4.0,2.7,0.0013402889245585875,0.0018994381999911652,0.9670749013914732,0.032925078247881635,0.0016451878256100907,6.810763269648679e-07,0.875,1.191948388634772e-05,1.0,0.0,1.0,0.0037195205951232957
40013,1,17.78,18.51,4.8,10,4.8,3,2.0,1.0,3.943814,0.960562,0,1.0,0.0,0.005930979133226324,0.005509575497648794,0.9516950198545219,0.04830498745442761,0.005758157389635317,1.4935884363264646e-08,0.95,5.95974194317386e-06,0.25,0.0,0.25,0.0
40014,1,19.66,99.84,3.3,5,4.8,12,5.0,1.0,80.308494,0.196915,1,4.0,1.5,0.006685393258426966,0.038169471650985255,0.9915625620135103,0.008437434854082701,0.0037016726076227035,7.467942181632323e-09,0.95,3.277858068745623e-05,1.0,0.0,1.0,0.002066400330624053
40015,1,20.13,102.08,2.2,4,3.6,14,5.0,2.0,80.280172,0.197198,1,3.0,1.4,0.006873996789727126,0.03906899418121363,0.9915477760086581,0.008452209373442952,0.002193583767480121,5.974353745305859e-09,0.65,3.873832263063009e-05,1.0,0.25,0.75,0.0019286403085824492
40016,1,87.54,25.08,3.7,96,2.4,36,5.0,4.0,-249.043062,3.490431,0,1.0,1.3,0.03392455858747994,0.008147907204613265,0.8196187125276165,0.18038130731096075,0.004250068549492734,1.433844898873406e-07,0.35,0.00010429548400554256,1.0,0.75,0.25,0.0017908802865408459
40017,1,33.23,53.3,2.1,147,4.3,46,2.0,2.0,37.654784,0.623452,0,0.0,2.2,0.012130818619582663,0.01948028479525823,0.9692944325371312,0.030705559109783717,0.002056484782012613,2.195575001399903e-07,0.825,0.00013409419372141187,0.25,0.25,0.0,0.003030720484915278
40018,1,78.81,34.52,3.5,205,3.0,18,5.0,2.0,-128.302433,2.283024,0,3.0,0.5,0.03042134831460674,0.011938752153432845,0.8826535097265347,0.11734647304522719,0.0039758705785577185,3.061856294469253e-07,0.5,5.0657806516977816e-05,1.0,0.25,0.75,0.0006888001102080177
40019,1,37.47,52.2,4.7,9,4.6,5,5.0,1.0,28.218391,0.717816,0,4.0,0.1,0.013832263242375601,0.0190385549813068,0.9643679953968685,0.03563199990452127,0.00562105840416781,1.3442295926938183e-08,0.8999999999999999,1.191948388634772e-05,1.0,0.0,1.0,0.00013776002204160355
40020,1,97.61,33.82,2.4,175,3.9,91,3.0,2.0,-188.616203,2.886162,0,1.0,1.5,0.037965489566613164,0.011657651362736476,0.851165631191032,0.14883436724276458,0.0024677817384151355,2.613779763571313e-07,0.725,0.00026818838744282374,0.5,0.25,0.25,0.002066400330624053
40021,1,35.43,39.22,4.7,3,4.8,3,5.0,2.0,9.663437,0.903366,0,3.0,0.1,0.013013643659711076,0.013826143176679878,0.9546810509763183,0.04531896834019115,0.00562105840416781,4.480765308979394e-09,0.95,5.95974194317386e-06,1.0,0.25,0.75,0.00013776002204160355
40022,1,77.03,99.2,4.9,7,4.7,2,5.0,1.0,22.34879,0.776512,0,4.0,0.2,0.02970706260032103,0.03791246521377715,0.9613036655872765,0.03869632919204527,0.005895256375102825,1.0455119054285253e-08,0.925,2.97987097158693e-06,1.0,0.0,1.0,0.0002755200440832071
40023,1,9.63,119.87,2.1,30,4.5,18,5.0,3.0,91.966297,0.080337,1,2.0,2.4,0.0026605136436597112,0.04621296999048273,0.9976487258340578,0.0023512725997387324,0.002056484782012613,4.480765308979394e-08,0.875,5.0657806516977816e-05,1.0,0.5,0.5,0.0033062405289984846
40024,1,67.7,62.21,2.3,127,4.5,71,5.0,3.0,-8.824948,1.088249,0,2.0,2.2,0.025963081861958268,0.023058296288264845,0.9450288600886054,0.05497111485213917,0.002330682752947628,1.8968573141346103e-07,0.875,0.00020859096801108511,1.0,0.5,0.5,0.003030720484915278
40025,1,13.01,117.0,2.8,5,4.1,11,5.0,1.0,88.880342,0.111197,1,4.0,1.3,0.004016853932584269,0.045060456748627624,0.9960376480286739,0.003962373898174585,0.0030161776802851655,7.467942181632323e-09,0.7749999999999999,2.9798709715869304e-05,1.0,0.0,1.0,0.0017908802865408459
40026,1,14.38,144.8,3.1,27,4.3,24,4.0,2.0,90.069061,0.099309,1,2.0,1.2,0.004566613162118781,0.05622417386485478,0.9966582399678753,0.0033417396714796586,0.0034274746366876885,4.0326887780814547e-08,0.825,6.853703234649939e-05,0.75,0.25,0.5,0.0016531202644992423
40027,1,69.36,115.76,2.3,490,4.1,41,5.0,5.0,40.08293,0.599171,0,0.0,1.8,0.026629213483146067,0.04456250677653692,0.9705620894306476,0.029437926231387055,0.002330682752947628,7.318583337999678e-07,0.7749999999999999,0.00011919483886347721,1.0,1.0,0.0,0.0024796803967488635
40028,1,71.97,79.36,1.1,29,4.7,5,5.0,5.0,9.311996,0.90688,0,0.0,3.6,0.02767656500802568,0.029945265660325834,0.9544975749389158,0.04550242297281278,0.0006854949273375378,4.3314064653467476e-08,0.925,1.191948388634772e-05,1.0,1.0,0.0,0.004959360793497727
40029,1,28.88,210.5,1.5,45,3.9,12,5.0,2.0,86.280285,0.137197,1,3.0,2.4,0.010385232744783306,0.0826074909344995,0.994680241933824,0.0053197502351587786,0.001233890869207568,6.721147963469092e-08,0.725,3.277858068745623e-05,1.0,0.25,0.75,0.0033062405289984846
40030,1,67.63,40.02,3.4,165,2.5,94,5.0,5.0,-68.990505,1.689905,0,0.0,0.9,0.025934991974317815,0.014147401223190014,0.9136183587911925,0.08638163859846845,0.003838771593090211,2.464420919938667e-07,0.375,0.00027712800035758453,1.0,1.0,0.0,0.0012398401983744318
40031,1,77.91,135.16,3.6,223,2.5,134,5.0,3.0,42.357206,0.576428,0,2.0,1.1,0.03006019261637239,0.05235301440440766,0.9717494157484057,0.02825058738400123,0.004112969564025226,3.3307022130080163e-07,0.375,0.00039632283922106173,1.0,0.5,0.5,0.001515360242457639
40032,1,29.01,73.09,3.3,195,3.0,127,5.0,2.0,60.309208,0.396908,0,3.0,0.3,0.010437399678972713,0.027427405720802663,0.9811215783315953,0.0188784258449473,0.0037016726076227035,2.912497450836606e-07,0.5,0.00037546374241995324,1.0,0.25,0.75,0.00041328006612481057
40033,1,33.37,37.4,4.7,9,4.9,4,5.0,2.0,10.775401,0.892246,0,3.0,0.2,0.012186998394863563,0.013095281120869324,0.9552615715998485,0.04473842892221944,0.00562105840416781,1.3442295926938183e-08,0.9750000000000001,8.939612914760791e-06,1.0,0.25,0.75,0.0002755200440832071
40034,1,81.77,35.14,3.4,74,2.6,34,2.0,2.0,-132.69778,2.326978,0,0.0,0.8,0.031609149277688604,0.012187727139478197,0.8803588404916753,0.11964116994968116,0.003838771593090211,1.1052554428815839e-07,0.4,9.83357420623687e-05,0.25,0.25,0.0,0.0011020801763328284
40035,1,75.44,42.59,2.6,155,2.0,137,5.0,3.0,-77.130782,1.771308,0,2.0,0.6,0.029069020866773675,0.015179442697603818,0.9093685821080014,0.09063142728921939,0.002741979709350151,2.3150620763060202e-07,0.25,0.0004052624521358225,1.0,0.5,0.5,0.0008265601322496211
40036,1,46.43,50.71,4.5,8,4.6,1,2.0,2.0,8.44015,0.915599,0,0.0,0.1,0.01742776886035313,0.018440211869681675,0.9540424121966489,0.04595761390674221,0.005346860433232794,1.1948707490611718e-08,0.8999999999999999,0.0,0.25,0.25,0.0,0.00013776002204160355
40037,1,14.86,28.09,1.4,321,5.0,21,5.0,1.0,47.098612,0.529014,0,4.0,3.6,0.0047592295345104335,0.009356640604607643,0.9742247512516499,0.02577525501316398,0.0010967918837400603,4.794418880607952e-07,1.0,5.959741943173861e-05,1.0,0.0,1.0,0.004959360793497727
40038,1,74.68,27.92,2.1,78,3.4,94,5.0,1.0,-167.47851,2.674785,0,4.0,1.3,0.028764044943820226,0.00928837326972424,0.8622009405358922,0.13779905424342964,0.002056484782012613,1.1649989803346425e-07,0.6,0.00027712800035758453,1.0,0.0,1.0,0.0017908802865408459
40039,1,14.39,130.75,3.4,33,4.3,15,5.0,3.0,88.994264,0.110057,1,2.0,0.9,0.004570626003210273,0.050582079423020544,0.9960971230390824,0.0039028581664760473,0.003838771593090211,4.9288418398773336e-08,0.825,4.1718193602217024e-05,1.0,0.5,0.5,0.0012398401983744318
40040,1,48.16,52.38,4.8,8,5.0,2,4.0,2.0,8.05651,0.919435,0,2.0,0.2,0.018121990369181377,0.019110838041771577,0.9538421260974486,0.04615787912322957,0.005758157389635317,1.1948707490611718e-08,1.0,2.97987097158693e-06,0.75,0.25,0.5,0.0002755200440832071
40041,1,72.22,22.88,2.8,199,3.1,63,5.0,2.0,-215.646853,3.156469,0,3.0,0.3,0.027776886035313,0.007264447576710398,0.8370537986205313,0.16294622591665633,0.0030161776802851655,2.972240988289665e-07,0.525,0.00018475200023838968,1.0,0.25,0.75,0.00041328006612481057
40042,1,22.67,176.78,1.6,11,4.0,1,5.0,2.0,87.176151,0.128238,1,3.0,2.4,0.007893258426966292,0.06906646427409736,0.9951479447451734,0.00485202967350334,0.0013709898546750755,1.642947279959111e-08,0.75,0.0,1.0,0.25,0.75,0.0033062405289984846
40043,1,86.77,32.37,2.9,42,2.8,81,4.0,2.0,-168.056843,2.680568,0,2.0,0.1,0.03361556982343499,0.011075371153436857,0.8618990114862394,0.13810096606484426,0.0031532766657526735,6.273071432571151e-08,0.44999999999999996,0.00023838967772695443,0.75,0.25,0.5,0.00013776002204160355
40044,1,18.0,135.75,3.5,32,4.8,15,5.0,1.0,86.740331,0.132597,1,4.0,1.3,0.006019261637239166,0.052589942213708885,0.9949204171470255,0.0050795990370769584,0.0039758705785577185,4.779482996244687e-08,0.95,4.1718193602217024e-05,1.0,0.0,1.0,0.0017908802865408459
40045,1,121.19,32.03,2.8,174,3.6,88,5.0,4.0,-278.364034,3.78364,0,1.0,0.8,0.04742776886035313,0.010938836483670052,0.8043111765390872,0.19568880571060684,0.0030161776802851655,2.5988438792080486e-07,0.65,0.00025924877452806295,1.0,0.75,0.25,0.0011020801763328284
40046,1,47.42,64.55,4.7,3,4.5,3,5.0,1.0,26.537568,0.734624,0,4.0,0.2,0.017825040128410914,0.023997976074306985,0.9634904917942303,0.03650949149959936,0.00562105840416781,4.480765308979394e-09,0.875,5.95974194317386e-06,1.0,0.0,1.0,0.0002755200440832071
40047,1,10.63,30.95,3.4,148,5.0,192,5.0,5.0,65.654281,0.343457,0,0.0,1.6,0.003061797752808989,0.010505138120881372,0.9839120689506927,0.01608792113001876,0.003838771593090211,2.2105108857631678e-07,1.0,0.0005691553555731037,1.0,1.0,0.0,0.002204160352665657
40048,1,49.63,53.85,4.5,7,4.8,2,5.0,5.0,7.836583,0.921634,0,0.0,0.3,0.018711878009630818,0.01970114970223395,0.953727309287578,0.04627268183726912,0.005346860433232794,1.0455119054285253e-08,0.95,2.97987097158693e-06,1.0,1.0,0.0,0.00041328006612481057
40049,1,57.18,19.26,3.3,113,3.4,63,4.0,1.0,-196.884735,2.968847,0,3.0,0.1,0.021741573033707867,0.005810754916252044,0.8468488966993409,0.15315108502828526,0.0037016726076227035,1.687754933048905e-07,0.6,0.00018475200023838968,0.75,0.0,0.75,0.00013776002204160355
40050,1,21.62,88.19,3.5,141,2.0,176,5.0,2.0,75.484749,0.245153,1,3.0,1.5,0.007471910112359551,0.033491151348681435,0.9890442399678774,0.010955785613445911,0.0039758705785577185,2.1059596952203152e-07,0.25,0.0005214774200277128,1.0,0.25,0.75,0.002066400330624053
40051,1,87.14,29.55,3.5,28,3.8,46,5.0,1.0,-194.890017,2.9489,0,4.0,0.3,0.03376404494382022,0.009942936539488637,0.8478902747809397,0.15210971634390744,0.0039758705785577185,4.182047621714101e-08,0.7,0.00013409419372141187,1.0,0.0,1.0,0.00041328006612481057
40052,1,79.15,55.16,3.9,8,2.8,32,5.0,3.0,-43.491661,1.434917,0,2.0,1.1,0.030557784911717498,0.02022720975339429,0.9269304847396738,0.07306953562097132,0.0045242665204277485,1.1948707490611718e-08,0.44999999999999996,9.237600011919484e-05,1.0,0.5,0.5,0.001515360242457639
40053,1,52.56,61.18,4.8,2,4.8,4,5.0,1.0,14.089572,0.859104,0,4.0,0.0,0.019887640449438203,0.022644676553383047,0.9569917936352789,0.04300819174682213,0.005758157389635317,2.9871768726529295e-09,0.95,8.939612914760791e-06,1.0,0.0,1.0,0.0
40054,1,23.24,134.88,1.9,48,4.5,18,5.0,1.0,82.76987,0.172301,1,4.0,2.6,0.008121990369181379,0.05224057408812911,0.9928475672207492,0.007152417117216205,0.0017822868110775978,7.16922449436703e-08,0.875,5.0657806516977816e-05,1.0,0.0,1.0,0.0035817605730816917
40055,1,14.52,8.04,3.7,121,2.2,32,5.0,4.0,-80.597015,1.80597,0,1.0,1.5,0.004622792937399678,0.0013051108139474177,0.9075589733954346,0.09244101877354807,0.004250068549492734,1.8072420079550222e-07,0.30000000000000004,9.237600011919484e-05,1.0,0.75,0.25,0.002066400330624053
40056,1,36.94,177.12,1.5,15,4.0,5,5.0,1.0,79.144083,0.208559,1,4.0,2.5,0.013619582664526484,0.06920299894386418,0.9909546604989241,0.009045330625922852,0.001233890869207568,2.240382654489697e-08,0.75,1.191948388634772e-05,1.0,0.0,1.0,0.003444000551040088
40057,1,42.03,72.86,1.8,75,4.5,16,5.0,1.0,42.314027,0.57686,0,4.0,2.7,0.01566211878009631,0.027335044032430998,0.9717268733819231,0.028273140713908046,0.0016451878256100907,1.1201913272448485e-07,0.875,4.469806457380396e-05,1.0,0.0,1.0,0.0037195205951232957
40058,1,55.49,57.53,4.5,10,4.6,2,3.0,1.0,3.545976,0.96454,0,2.0,0.1,0.021063402889245585,0.021178936716180565,0.9514873214363861,0.048512666033986185,0.005346860433232794,1.4935884363264646e-08,0.8999999999999999,2.97987097158693e-06,0.5,0.0,0.5,0.00013776002204160355
40059,1,50.27,20.64,2.3,126,2.1,15,5.0,5.0,-143.556202,2.435562,0,0.0,0.2,0.018968699839486357,0.006364925046482024,0.8746900077686797,0.12530999118718467,0.002330682752947628,1.8819214297713454e-07,0.275,4.1718193602217024e-05,1.0,1.0,0.0,0.0002755200440832071
40060,1,84.88,56.52,4.2,27,4.9,154,5.0,2.0,-50.176929,1.501769,0,3.0,0.7,0.032857142857142856,0.020773348432461522,0.9234403214359824,0.07655966342405082,0.004935563476830272,4.0326887780814547e-08,0.9750000000000001,0.0004559202586528003,1.0,0.25,0.75,0.0009643201542912246
40061,1,37.87,53.87,5.0,10,4.8,5,5.0,3.0,29.701132,0.702989,0,2.0,0.2,0.013992776886035311,0.0197091811533967,0.9651420867612054,0.034857929944964935,0.006032355360570333,1.4935884363264646e-08,0.95,1.191948388634772e-05,1.0,0.5,0.5,0.0002755200440832071
40062,1,45.04,41.3,1.9,206,2.2,190,5.0,2.0,-9.05569,1.090557,0,3.0,0.3,0.016869983948635633,0.014661414097606225,0.9449083971152407,0.05509160810543761,0.0017822868110775978,3.0767921788325174e-07,0.30000000000000004,0.0005631956136299298,1.0,0.25,0.75,0.00041328006612481057
40063,1,20.14,109.3,1.6,42,2.8,170,5.0,2.0,81.573651,0.184263,1,3.0,1.2,0.00687800963081862,0.04196834805096759,0.9922230597728834,0.007776914645793317,0.0013709898546750755,6.273071432571151e-08,0.44999999999999996,0.0005035981941981912,1.0,0.25,0.75,0.0016531202644992423
40064,1,6.53,43.4,2.1,9,4.1,23,5.0,2.0,84.953917,0.150461,1,3.0,2.0,0.0014165329052969503,0.015504716469695326,0.9939877878810035,0.006012220994149484,0.002056484782012613,1.3442295926938183e-08,0.7749999999999999,6.555716137491247e-05,1.0,0.25,0.75,0.0027552004408320707
40065,1,46.54,63.05,4.7,2,4.7,3,5.0,5.0,26.185567,0.738144,0,0.0,0.0,0.01747191011235955,0.023395617237100486,0.9633067233988477,0.036693259372914136,0.00562105840416781,2.9871768726529295e-09,0.925,5.95974194317386e-06,1.0,1.0,0.0,0.0
40066,1,67.39,28.69,2.7,48,2.2,86,5.0,4.0,-134.890206,2.348902,0,1.0,0.5,0.02583868378812199,0.009597584139490245,0.879214245425141,0.12078575144245197,0.0028790786948176585,7.16922449436703e-08,0.30000000000000004,0.00025328903258488907,1.0,0.75,0.25,0.0006888001102080177
40067,1,17.73,80.82,2.9,5,3.8,25,5.0,2.0,78.062361,0.219376,1,3.0,0.9,0.005910914927768861,0.030531561595206824,0.9903899282504645,0.009610051388890468,0.0031532766657526735,7.467942181632323e-09,0.7,7.151690331808633e-05,1.0,0.25,0.75,0.0012398401983744318
40068,1,17.07,20.22,4.6,2,4.8,5,5.0,2.0,15.578635,0.844214,0,3.0,0.2,0.005646067415730338,0.006196264572064203,0.9577691855123861,0.04223083275998773,0.005483959418700301,2.9871768726529295e-09,0.95,1.191948388634772e-05,1.0,0.25,0.75,0.0002755200440832071
40069,1,24.48,57.71,4.0,44,3.5,45,2.0,1.0,57.581008,0.42419,0,1.0,0.5,0.008619582664526485,0.021251219776645344,0.9796972728998414,0.020302731276701253,0.004661365505895256,6.571789119836444e-08,0.625,0.00013111432274982493,0.25,0.0,0.25,0.0006888001102080177
40070,1,54.43,47.85,1.1,367,4.4,18,3.0,1.0,-13.751306,1.137513,0,2.0,3.3,0.02063804173354735,0.017291714353407945,0.942456967097562,0.05754302977003106,0.0006854949273375378,5.481469561318126e-07,0.8500000000000001,5.0657806516977816e-05,0.5,0.0,0.5,0.004546080727372916
40071,1,36.62,157.15,2.4,42,4.7,27,2.0,2.0,76.697423,0.233026,1,0.0,2.3,0.013491171749598714,0.06118359495785496,0.9896773380417528,0.01032267396580717,0.0024677817384151355,6.273071432571151e-08,0.925,7.747664526126018e-05,0.25,0.25,0.0,0.003168480506956881
40072,1,23.66,61.41,3.9,260,4.3,190,5.0,1.0,61.472073,0.385279,0,4.0,0.4,0.008290529695024078,0.02273703824175471,0.9817286727293287,0.018271313174840022,0.0045242665204277485,3.883329934448808e-07,0.825,0.0005631956136299298,1.0,0.0,1.0,0.0005510400881664142
40073,1,10.89,13.47,2.1,247,4.6,50,5.0,1.0,19.153675,0.808463,0,4.0,2.5,0.0031661316211878013,0.00348564980463495,0.9596355988584522,0.04036438808985227,0.002056484782012613,3.689163437726368e-07,0.8999999999999999,0.00014601367760775958,1.0,0.0,1.0,0.003444000551040088
40074,1,80.31,106.55,1.9,129,2.2,124,3.0,2.0,24.626936,0.753731,0,1.0,0.3,0.03102327447833066,0.040864023516089,0.9624930123075055,0.03750700648693616,0.0017822868110775978,1.9267290828611394e-07,0.30000000000000004,0.00036652412950519245,0.5,0.25,0.25,0.00041328006612481057
40075,1,36.59,180.36,3.5,24,3.8,11,5.0,3.0,79.712797,0.202872,1,2.0,0.3,0.01347913322632424,0.07050409403223022,0.9912515677781979,0.008748430655598657,0.0039758705785577185,3.584612247183515e-08,0.7,2.9798709715869304e-05,1.0,0.5,0.5,0.00041328006612481057
40076,1,4.65,33.72,1.9,271,3.3,199,2.0,1.0,86.209964,0.1379,1,1.0,1.4,0.0006621187800963084,0.01161749410692271,0.9946435296025189,0.005356451603039543,0.0017822868110775978,4.0476246624447195e-07,0.575,0.0005900144523742122,0.25,0.0,0.25,0.0019286403085824492
40077,1,14.93,19.92,4.8,6,4.5,5,5.0,4.0,25.050201,0.749498,0,1.0,0.3,0.004787319422150883,0.006075792804622904,0.9627139853441492,0.0372860151779187,0.005758157389635317,8.961530617958788e-09,0.875,1.191948388634772e-05,1.0,0.75,0.25,0.00041328006612481057
40078,1,36.65,17.43,3.3,31,3.5,99,2.0,1.0,-110.26965,2.102697,0,1.0,0.2,0.013503210272873194,0.005075877134860112,0.8920678454704466,0.10793218063294456,0.0037016726076227035,4.6301241526120406e-08,0.625,0.00029202735521551915,0.25,0.0,0.25,0.0002755200440832071
40079,1,11.79,127.55,2.9,151,2.6,52,5.0,4.0,90.756566,0.092434,1,1.0,0.3,0.0035272873194221507,0.04929704723698001,0.9970171642057823,0.0029828180439117236,0.0031532766657526735,2.2553185388529616e-07,0.4,0.00015197341955093345,1.0,0.75,0.25,0.00041328006612481057
40080,1,49.16,156.19,3.0,255,3.1,133,5.0,3.0,68.525514,0.314745,0,2.0,0.1,0.018523274478330656,0.0607980853020428,0.9854110473092188,0.014588959999730677,0.003290375651220181,3.808650512632485e-07,0.525,0.0003933429682494748,1.0,0.5,0.5,0.00013776002204160355
40081,1,24.09,31.79,4.9,1,4.5,4,2.0,2.0,24.221453,0.757785,0,0.0,0.4,0.008463081861958266,0.010842459069717012,0.9622813226808712,0.037718652781941316,0.005895256375102825,1.4935884363264647e-09,0.875,8.939612914760791e-06,0.25,0.25,0.0,0.0005510400881664142
40082,1,85.91,107.08,2.1,313,4.1,25,5.0,4.0,19.770265,0.802297,0,1.0,2.0,0.03327046548956661,0.041076856971901964,0.9599575006567681,0.040042481070858255,0.002056484782012613,4.6749318057018346e-07,0.7749999999999999,7.151690331808633e-05,1.0,0.75,0.25,0.0027552004408320707
40083,1,8.55,53.22,3.5,19,4.5,16,5.0,4.0,83.934611,0.160654,1,1.0,1.0,0.0022271268057784915,0.019448158990607218,0.9934556410177166,0.006544364725029477,0.0039758705785577185,2.837818029020283e-08,0.875,4.469806457380396e-05,1.0,0.75,0.25,0.0013776002204160353
40084,1,41.87,48.08,1.4,100,4.7,46,5.0,3.0,12.915973,0.87084,0,2.0,3.3,0.015597913322632422,0.01738407604177961,0.9563790953615449,0.04362089054262392,0.0010967918837400603,1.4935884363264647e-07,0.925,0.00013409419372141187,1.0,0.5,0.5,0.004546080727372916
40085,1,35.29,49.47,4.8,10,4.9,1,5.0,2.0,28.663837,0.713362,0,3.0,0.1,0.012957463884430176,0.017942261897590964,0.96460054841987,0.03539947089663944,0.005758157389635317,1.4935884363264646e-08,0.9750000000000001,0.0,1.0,0.25,0.75,0.00013776002204160355
40086,1,9.29,13.04,2.3,445,4.1,11,5.0,4.0,28.757669,0.712423,0,1.0,1.8,0.0025240770465489565,0.0033129736046357537,0.9646495350877361,0.035350448728161434,0.002330682752947628,6.646468541652768e-07,0.7749999999999999,2.9798709715869304e-05,1.0,0.75,0.25,0.0024796803967488635
40087,1,14.24,20.94,4.6,10,4.9,5,5.0,1.0,31.99618,0.680038,0,4.0,0.3,0.0045104333868378815,0.006485396813923325,0.9663402574717604,0.033659732086883234,0.005483959418700301,1.4935884363264646e-08,0.9750000000000001,1.191948388634772e-05,1.0,0.0,1.0,0.00041328006612481057
40088,1,68.2,73.59,4.7,8,4.6,5,5.0,2.0,7.324365,0.926756,0,3.0,0.1,0.026163723916532905,0.027628191999871494,0.9534598967519712,0.046540084975655004,0.00562105840416781,1.1948707490611718e-08,0.8999999999999999,1.191948388634772e-05,1.0,0.25,0.75,0.00013776002204160355
40089,1,71.7,33.06,2.5,29,2.1,54,3.0,1.0,-116.878403,2.168784,0,2.0,0.4,0.027568218298555377,0.01135245621855185,0.8886176281861492,0.11138237024764741,0.002604880723882643,4.3314064653467476e-08,0.275,0.0001579331614941073,0.5,0.0,0.5,0.0005510400881664142
40090,1,46.27,19.91,2.7,235,4.9,56,5.0,5.0,-132.395781,2.323958,0,0.0,2.2,0.01736356340288925,0.006071777079041527,0.8805165044518265,0.11948350546746223,0.0028790786948176585,3.509932825367192e-07,0.9750000000000001,0.00016389290343728116,1.0,1.0,0.0,0.003030720484915278
40091,1,66.29,94.02,2.6,206,2.2,144,5.0,1.0,29.493725,0.705063,0,4.0,0.4,0.025397271268057787,0.03583231936262403,0.9650338062404651,0.03496620681123052,0.002741979709350151,3.0767921788325174e-07,0.30000000000000004,0.000426121548936931,1.0,0.0,1.0,0.0005510400881664142
40092,1,16.36,89.19,2.2,30,3.7,29,5.0,1.0,81.657136,0.183429,1,4.0,1.5,0.00536115569823435,0.0338927239068191,0.9922666446049961,0.007733374189445439,0.002193583767480121,4.480765308979394e-08,0.675,8.343638720443405e-05,1.0,0.0,1.0,0.002066400330624053
40093,1,30.73,54.67,1.6,364,4.1,28,5.0,2.0,43.790013,0.5621,0,3.0,2.5,0.01112760834670947,0.020030439199906835,0.9724974381781232,0.02750256860875856,0.0013709898546750755,5.436661908228332e-07,0.7749999999999999,8.045651623284712e-05,1.0,0.25,0.75,0.003444000551040088
40094,1,17.08,135.48,3.1,10,4.7,8,5.0,5.0,87.392973,0.12607,1,0.0,1.6,0.0056500802568218295,0.05248151762301171,0.9952611405344571,0.0047388453697117345,0.0034274746366876885,1.4935884363264646e-08,0.925,2.0859096801108512e-05,1.0,1.0,0.0,0.002204160352665657
40095,1,37.25,64.44,2.4,466,4.8,48,5.0,5.0,42.194289,0.578057,0,0.0,2.4,0.013743980738362761,0.02395380309291184,0.9716643620250625,0.02833563223219151,0.0024677817384151355,6.960122113281325e-07,0.95,0.00014005393566458572,1.0,1.0,0.0,0.0033062405289984846
40096,1,58.93,84.5,4.8,5,4.8,2,5.0,2.0,30.260355,0.697396,0,3.0,0.0,0.0224438202247191,0.03200934860915344,0.9654340390947812,0.03456593741216676,0.005758157389635317,7.467942181632323e-09,0.95,2.97987097158693e-06,1.0,0.25,0.75,0.0
40097,1,100.44,115.58,2.4,148,4.9,21,5.0,5.0,13.099152,0.869008,0,0.0,2.5,0.03910112359550562,0.044490223716072134,0.9564747272230958,0.04352524771764873,0.0024677817384151355,2.2105108857631678e-07,0.9750000000000001,5.959741943173861e-05,1.0,1.0,0.0,0.003444000551040088
40098,1,30.28,210.57,2.6,4,3.7,11,1.0,1.0,85.619984,0.1438,1,0.0,1.1,0.010947030497592295,0.08263560101356913,0.9943355200289443,0.005664471617970571,0.002741979709350151,5.974353745305859e-09,0.675,2.9798709715869304e-05,0.0,0.0,0.0,0.001515360242457639
40099,1,7.0,72.69,2.6,15,4.3,24,5.0,5.0,90.370065,0.096299,1,0.0,1.7,0.0016051364365971107,0.027266776697547592,0.9968153844705436,0.003184597257082643,0.002741979709350151,2.240382654489697e-08,0.825,6.853703234649939e-05,1.0,1.0,0.0,0.00234192037470726
40100,1,5.57,97.35,1.8,172,2.9,165,5.0,3.0,94.278377,0.057216,1,2.0,1.1,0.0010313001605136438,0.037169555981222464,0.9988557884037558,0.0011441995886844435,0.0016451878256100907,2.5689721104815194e-07,0.475,0.0004886988393402566,1.0,0.5,0.5,0.001515360242457639
40101,1,65.3,65.76,4.7,5,4.8,2,5.0,3.0,0.699513,0.993005,0,2.0,0.1,0.024999999999999998,0.024483878869653565,0.9500012746978088,0.04999873208907292,0.00562105840416781,7.467942181632323e-09,0.95,2.97987097158693e-06,1.0,0.5,0.5,0.00013776002204160355
40102,1,18.99,102.5,1.6,17,4.1,15,5.0,4.0,81.473171,0.185268,1,1.0,2.5,0.006416532905296949,0.03923765465563145,0.9921706023981373,0.007829382461895974,0.0013709898546750755,2.53910034175499e-08,0.7749999999999999,4.1718193602217024e-05,1.0,0.75,0.25,0.003444000551040088
40103,1,18.66,98.92,2.0,33,4.9,29,5.0,1.0,81.136272,0.188637,1,4.0,2.9,0.006284109149277689,0.037800024897498605,0.9919947182710012,0.00800526711109981,0.0019193857965451055,4.9288418398773336e-08,0.9750000000000001,8.343638720443405e-05,1.0,0.0,1.0,0.003995040639206502
40104,1,71.83,26.83,3.1,175,3.7,36,5.0,5.0,-167.722698,2.677227,0,0.0,0.6,0.027620385232744783,0.008850659181354182,0.8620734578385939,0.13792654320554176,0.0034274746366876885,2.613779763571313e-07,0.675,0.00010429548400554256,1.0,1.0,0.0,0.0008265601322496211
40105,1,21.84,146.67,2.4,10,3.7,28,5.0,4.0,85.109429,0.148906,1,1.0,1.3,0.007560192616372392,0.05697511454857221,0.9940689756921255,0.005931039447841391,0.0024677817384151355,1.4935884363264646e-08,0.675,8.045651623284712e-05,1.0,0.75,0.25,0.0017908802865408459
40106,1,46.98,48.34,4.7,5,4.9,4,5.0,4.0,2.813405,0.971866,0,1.0,0.2,0.01764847512038523,0.017488484906895405,0.9511048696900166,0.048895132920322576,0.00562105840416781,7.467942181632323e-09,0.9750000000000001,8.939612914760791e-06,1.0,0.75,0.25,0.0002755200440832071
40107,1,7.87,81.8,2.9,47,4.5,14,5.0,5.0,90.378973,0.09621,1,0.0,1.6,0.0019542536115569826,0.03092510270218174,0.9968200350507013,0.0031799508534675817,0.0031532766657526735,7.019865650734385e-08,0.875,3.873832263063009e-05,1.0,1.0,0.0,0.002204160352665657
40108,1,53.56,77.04,2.2,146,4.5,11,2.0,2.0,30.477674,0.695223,0,0.0,2.3,0.02028892455858748,0.02901361732544645,0.9655474943517725,0.0344524920744642,0.002193583767480121,2.1806391170366384e-07,0.875,2.9798709715869304e-05,0.25,0.25,0.0,0.003168480506956881
40109,1,20.49,22.15,1.3,462,4.8,10,5.0,4.0,7.494357,0.925056,0,1.0,3.5,0.007018459069020866,0.0069712996092699,0.9535486441051546,0.04645133344592911,0.0009596928982725529,6.900378575828267e-07,0.95,2.6818838744282374e-05,1.0,0.75,0.25,0.0048216007714561235
40110,1,23.65,179.64,2.8,12,4.4,14,2.0,2.0,86.834781,0.131652,1,0.0,1.6,0.008286516853932583,0.0702149617903711,0.9949697264528056,0.005030263627905803,0.0030161776802851655,1.7923061235917576e-08,0.8500000000000001,3.873832263063009e-05,0.25,0.25,0.0,0.002204160352665657
40111,1,44.2,80.41,1.5,382,4.1,31,5.0,4.0,45.031712,0.549683,0,1.0,2.6,0.016532905296950243,0.03036691684637038,0.9731456892705297,0.02685431699428422,0.001233890869207568,5.705507826767095e-07,0.7749999999999999,8.939612914760791e-05,1.0,0.75,0.25,0.0035817605730816917
40112,1,102.34,28.41,3.7,98,2.2,97,5.0,1.0,-260.225273,3.602253,0,4.0,1.5,0.03986356340288925,0.009485143823211696,0.8137808399866302,0.186219174109201,0.004250068549492734,1.4637166675999355e-07,0.30000000000000004,0.0002860676132723453,1.0,0.0,1.0,0.002066400330624053
40113,1,37.3,196.98,3.3,14,4.9,24,5.0,3.0,81.064067,0.189359,1,2.0,1.6,0.013764044943820223,0.07717822994847824,0.9919570223639197,0.008042960407842218,0.0037016726076227035,2.0910238108570506e-08,0.9750000000000001,6.853703234649939e-05,1.0,0.5,0.5,0.002204160352665657
40114,1,48.78,58.06,4.8,6,4.7,3,1.0,1.0,15.983465,0.840165,0,0.0,0.1,0.018370786516853935,0.021391770171993528,0.9579805342287327,0.04201944749889354,0.005758157389635317,8.961530617958788e-09,0.925,5.95974194317386e-06,0.0,0.0,0.0,0.00013776002204160355
40115,1,23.85,179.06,2.8,19,3.7,11,5.0,1.0,86.680442,0.133196,1,4.0,0.9,0.00836677367576244,0.06998204970665126,0.9948891510272388,0.005110870899609788,0.0030161776802851655,2.837818029020283e-08,0.675,2.9798709715869304e-05,1.0,0.0,1.0,0.0012398401983744318
40116,1,61.15,63.42,4.9,1,4.9,4,5.0,2.0,3.579313,0.964207,0,3.0,0.0,0.023334670947030497,0.02354419908361142,0.9515047256113653,0.04849528117551635,0.005895256375102825,1.4935884363264647e-09,0.9750000000000001,8.939612914760791e-06,1.0,0.25,0.75,0.0
40117,1,27.7,165.15,1.0,47,3.9,10,2.0,2.0,83.227369,0.167726,1,0.0,2.9,0.009911717495987158,0.0643961754229563,0.9930864127272083,0.006913571088689178,0.0005483959418700302,7.019865650734385e-08,0.725,2.6818838744282374e-05,0.25,0.25,0.0,0.003995040639206502
40118,1,30.59,114.19,4.0,17,2.3,98,5.0,1.0,73.211314,0.267887,1,4.0,1.7,0.01107142857142857,0.04393203786026078,0.9878573527091574,0.012142654599792012,0.004661365505895256,2.53910034175499e-08,0.32499999999999996,0.00028904748424393224,1.0,0.0,1.0,0.00234192037470726
40119,1,48.38,19.93,4.2,291,3.4,12,5.0,2.0,-142.749624,2.427496,0,3.0,0.8,0.01821027287319422,0.00607980853020428,0.8751110961883458,0.12488889128202643,0.004935563476830272,4.346342349710012e-07,0.6,3.277858068745623e-05,1.0,0.25,0.75,0.0011020801763328284
40120,1,47.61,64.58,4.7,2,4.6,5,2.0,1.0,26.277485,0.737225,0,1.0,0.1,0.017901284109149276,0.024010023251051116,0.9633547108289028,0.036645281340079966,0.00562105840416781,2.9871768726529295e-09,0.8999999999999999,1.191948388634772e-05,0.25,0.0,0.25,0.00013776002204160355
40121,1,68.59,70.43,4.7,2,4.7,5,5.0,1.0,2.612523,0.973875,0,4.0,0.0,0.026320224719101126,0.02635922271615647,0.9509999956618143,0.0490000163457457,0.00562105840416781,2.9871768726529295e-09,0.925,1.191948388634772e-05,1.0,0.0,1.0,0.0
40122,1,88.92,34.47,3.4,174,2.8,84,5.0,2.0,-157.963446,2.579634,0,3.0,0.6,0.03447833065810594,0.011918673525525959,0.867168449273773,0.13283152671110723,0.003838771593090211,2.5988438792080486e-07,0.44999999999999996,0.0002473292906417152,1.0,0.25,0.75,0.0008265601322496211
40123,1,20.92,129.87,2.9,7,3.7,6,5.0,2.0,83.891584,0.161084,1,3.0,0.8,0.0071910112359550565,0.0502286955718594,0.993433178005543,0.006566813641371909,0.0031532766657526735,1.0455119054285253e-08,0.675,1.4899354857934652e-05,1.0,0.25,0.75,0.0011020801763328284
40124,1,6.02,63.97,2.8,36,4.9,8,5.0,2.0,90.589339,0.094107,1,3.0,2.1,0.0012118780096308185,0.02376506399058714,0.9969298603701267,0.003070159990518437,0.0030161776802851655,5.376918370775273e-08,0.9750000000000001,2.0859096801108512e-05,1.0,0.25,0.75,0.0028929604628736743
40125,1,27.36,153.92,3.4,47,4.4,20,5.0,2.0,82.224532,0.177755,1,3.0,1.0,0.009775280898876405,0.05988651559507029,0.9925628637988806,0.0074371529072897345,0.003838771593090211,7.019865650734385e-08,0.8500000000000001,5.6617548460151674e-05,1.0,0.25,0.75,0.0013776002204160353
40126,1,75.45,21.2,3.3,157,2.3,46,5.0,2.0,-255.896226,3.558962,0,3.0,1.0,0.02907303370786517,0.006589805679039117,0.8160408961248965,0.18395909030134014,0.0037016726076227035,2.3449338450325496e-07,0.32499999999999996,0.00013409419372141187,1.0,0.25,0.75,0.0013776002204160353
40127,1,59.9,17.29,2.7,149,2.4,74,5.0,2.0,-246.443031,3.46443,0,3.0,0.3,0.0228330658105939,0.005019656976720839,0.8209761050487031,0.17902387876719436,0.0028790786948176585,2.2254467701264324e-07,0.35,0.0002175305809258459,1.0,0.25,0.75,0.00041328006612481057
40128,1,60.07,104.94,1.1,326,4.5,27,2.0,2.0,42.757766,0.572422,0,0.0,3.4,0.022901284109149277,0.040217491697487354,0.9719585352351527,0.02804144701454128,0.0006854949273375378,4.869098302424275e-07,0.875,7.747664526126018e-05,0.25,0.25,0.0,0.00468384074941452
40129,1,14.89,127.2,1.4,40,3.6,21,5.0,4.0,88.294025,0.11706,1,1.0,2.2,0.004771268057784912,0.04915649684163183,0.995731550789531,0.004268462262164521,0.0010967918837400603,5.974353745305858e-08,0.65,5.959741943173861e-05,1.0,0.75,0.25,0.003030720484915278
40130,1,43.53,56.16,4.8,8,4.7,4,5.0,1.0,22.489316,0.775107,0,4.0,0.1,0.016264044943820225,0.020628782311531958,0.9613770296900191,0.03862297866306593,0.005758157389635317,1.1948707490611718e-08,0.925,8.939612914760791e-06,1.0,0.0,1.0,0.00013776002204160355
40131,1,88.83,65.51,2.5,106,3.6,90,5.0,1.0,-35.597619,1.355976,0,4.0,1.1,0.034442215088282505,0.02438348573011915,0.9310517100527351,0.06894828002797636,0.002604880723882643,1.5832037425060527e-07,0.65,0.0002652085164712368,1.0,0.0,1.0,0.001515360242457639
40132,1,14.05,27.83,1.4,109,4.6,23,5.0,1.0,49.514912,0.504851,0,4.0,3.2,0.0044341894060995184,0.00925223173949185,0.975486223729748,0.024513782535065944,0.0010967918837400603,1.6280113955958464e-07,0.8999999999999999,6.555716137491247e-05,1.0,0.0,1.0,0.004408320705331314
40133,1,75.94,101.72,1.6,22,4.7,15,2.0,1.0,25.344082,0.746559,0,1.0,3.1,0.029269662921348312,0.038924428060284066,0.962867411157722,0.03713257944505729,0.0013709898546750755,3.285894559918222e-08,0.925,4.1718193602217024e-05,0.25,0.0,0.25,0.004270560683289709
40134,1,30.62,39.61,4.7,8,4.8,3,5.0,2.0,22.696289,0.773037,0,3.0,0.1,0.01108346709470305,0.01398275647435357,0.9614850836333249,0.038514910623929116,0.00562105840416781,1.1948707490611718e-08,0.95,5.95974194317386e-06,1.0,0.25,0.75,0.00013776002204160355
40135,1,33.4,13.58,2.4,167,3.1,87,5.0,5.0,-145.949926,2.459499,0,0.0,0.7,0.012199036918138041,0.0035298227860300936,0.8734403214937293,0.1265596649325074,0.0024677817384151355,2.494292688665196e-07,0.525,0.000256268903556476,1.0,1.0,0.0,0.0009643201542912246
40136,1,17.66,123.98,1.4,30,4.3,25,5.0,1.0,85.755767,0.142442,1,4.0,2.9,0.005882825040128411,0.04786343320442854,0.9944064079640077,0.005593574807754243,0.0010967918837400603,4.480765308979394e-08,0.825,7.151690331808633e-05,1.0,0.0,1.0,0.003995040639206502
40137,1,39.5,41.96,1.6,396,4.8,50,5.0,2.0,5.862726,0.941373,0,3.0,3.2,0.014646869983948636,0.014926451985977087,0.9526968220628124,0.04730319151095108,0.0013709898546750755,5.9146102078528e-07,0.95,0.00014601367760775958,1.0,0.25,0.75,0.004408320705331314
40138,1,22.31,39.55,1.9,199,4.9,41,5.0,1.0,43.590392,0.564096,0,4.0,3.0,0.007748796147672552,0.013958662120865307,0.9723932224774443,0.02760677334601319,0.0017822868110775978,2.972240988289665e-07,0.9750000000000001,0.00011919483886347721,1.0,0.0,1.0,0.004132800661248106
40139,1,8.42,107.43,3.5,44,4.7,5,5.0,5.0,92.162338,0.078377,1,0.0,1.2,0.002174959871589085,0.04121740736725015,0.9977510725319343,0.0022489473066430008,0.0039758705785577185,6.571789119836444e-08,0.925,1.191948388634772e-05,1.0,1.0,0.0,0.0016531202644992423
40140,1,67.56,115.78,2.0,270,4.1,42,5.0,1.0,41.647953,0.58352,0,4.0,2.1,0.02590690208667737,0.04457053822769967,0.9713791375795076,0.028620837883304766,0.0019193857965451055,4.032688778081455e-07,0.7749999999999999,0.00012217470983506414,1.0,0.0,1.0,0.0028929604628736743
40141,1,34.61,34.47,2.4,281,3.7,145,5.0,3.0,-0.40615,1.004062,0,2.0,1.3,0.012684590690208667,0.011918673525525959,0.9494240436236245,0.050575982479766544,0.0024677817384151355,4.196983506077366e-07,0.675,0.000429101419908518,1.0,0.5,0.5,0.0017908802865408459
40142,1,30.76,157.6,2.6,17,3.6,22,5.0,2.0,80.482234,0.195178,1,3.0,1.0,0.011139646869983949,0.06136430260901691,0.9916532660768903,0.008346751673415718,0.002741979709350151,2.53910034175499e-08,0.65,6.257729040332554e-05,1.0,0.25,0.75,0.0013776002204160353
40143,1,37.36,40.15,1.1,432,4.1,22,5.0,2.0,6.948941,0.930511,0,3.0,3.0,0.013788121990369181,0.014199605655747908,0.9532638999619959,0.046736121442784835,0.0006854949273375378,6.452302044930327e-07,0.7749999999999999,6.257729040332554e-05,1.0,0.25,0.75,0.004132800661248106
40144,1,91.82,27.24,3.8,162,3.4,32,5.0,2.0,-237.077827,3.370778,0,3.0,0.4,0.03564205457463884,0.009015303930190626,0.8258653767027915,0.1741346092013773,0.004387167534960241,2.419613266848873e-07,0.6,9.237600011919484e-05,1.0,0.25,0.75,0.0005510400881664142
40145,1,22.41,29.14,4.9,5,4.9,1,5.0,2.0,23.095402,0.769046,0,3.0,0.0,0.00778892455858748,0.009778291790652194,0.9616934476879336,0.03830655335620204,0.005895256375102825,7.467942181632323e-09,0.9750000000000001,0.0,1.0,0.25,0.75,0.0
40146,1,67.15,115.8,1.0,54,4.0,15,3.0,1.0,42.01209,0.579879,0,2.0,3.0,0.025742375601926167,0.04457856967886242,0.971569241789977,0.028430752989344787,0.0005483959418700302,8.065377556162909e-08,0.75,4.1718193602217024e-05,0.5,0.0,0.5,0.004132800661248106
40147,1,21.03,165.85,1.7,20,3.6,30,2.0,2.0,87.319867,0.126801,1,0.0,1.9,0.0072351524879614776,0.06467727621365266,0.995222974244268,0.004777008527493867,0.0015080888401425832,2.987176872652929e-08,0.65,8.641625817602097e-05,0.25,0.25,0.0,0.002617440418790467
40148,1,18.55,169.11,1.4,23,4.3,26,2.0,1.0,89.030808,0.109692,1,1.0,2.9,0.0062399678972712685,0.06598640275318146,0.9961162014855666,0.0038838026909760767,0.0010967918837400603,3.435253403550869e-08,0.825,7.449677428967326e-05,0.25,0.0,0.25,0.003995040639206502
40149,1,33.19,18.89,3.1,190,2.2,99,5.0,4.0,-75.701429,1.757014,0,1.0,0.9,0.012114767255216692,0.0056621730697411065,0.910114801315462,0.08988518354457123,0.0034274746366876885,2.837818029020283e-07,0.30000000000000004,0.00029202735521551915,1.0,0.75,0.25,0.0012398401983744318
